PassID,Policy,MeanCapacity_Mbps,TotalRate_Mbps,FracServed,FracBelowTarget,FracOutage,BitPerJouleRf
1,Actual,19.2715332669826,111.682013114046,0.77229004809471,0.194228634850166,0.033481317055124,189315.385195813
1,TerrestrialOnly,15.239548889095,84.4845008562217,0.676655567887532,0.261376248612653,0.061968183499815,115388.497582718
1,SatelliteOnly,14.7537294315258,33.6218100324367,0.298927118017018,0.0815760266370699,0.619496855345912,459427.062037006
2,Actual,10.978480890915,92.3019393333139,0.514243433222345,0.395486496485387,0.0902700702922677,175656.940872338
2,TerrestrialOnly,7.46776634110696,55.9822043603299,0.368356147490443,0.489826119126896,0.141817733382661,75233.2427531661
2,SatelliteOnly,10.0046733434081,35.4141649473027,0.240720187446048,0.150203477617462,0.60907633493649,471787.124873599
3,Actual,8.40865150102637,77.8401464075184,0.442286348501665,0.470810210876803,0.0869034406215316,172276.470840391
3,TerrestrialOnly,6.21977114234461,53.3511760811803,0.324195338512763,0.548390677025527,0.127413984461709,71620.9106930998
3,SatelliteOnly,8.54101737708738,32.3345686191255,0.185127635960044,0.191453940066593,0.623418423973363,444376.777212613
4,Actual,10.3087938450244,86.7523153349587,0.529905043778517,0.401775804661487,0.0683191515599949,125023.542146359
4,TerrestrialOnly,8.16447003134192,64.6155471124529,0.447404118880257,0.448883956098163,0.103711925021581,86787.5125902226
4,SatelliteOnly,8.08789772959507,22.9683142404742,0.130472314712048,0.18645948945616,0.683068195831792,366160.417146114
5,Actual,21.9520912455027,55.1601623276741,0.668886422493526,0.160932297447281,0.170181280059193,191094.126830813
5,TerrestrialOnly,15.5548147843313,31.894828278261,0.51165371809101,0.229744728079911,0.258601553829079,55112.9179748078
5,SatelliteOnly,28.3657204496907,31.491533961587,0.338882722900481,0.0340362560118387,0.62708102108768,435292.560274948
6,Actual,20.2868130184779,54.8827124639918,0.712171661117277,0.189789123196448,0.0980392156862745,182550.76745041
6,TerrestrialOnly,14.5836115478316,35.8005033455476,0.614872364039956,0.253052164261931,0.132075471698113,62806.385215503
6,SatelliteOnly,27.7628444683957,29.3307948808408,0.320754716981132,0.0358860525342212,0.643359230484647,425082.690256443
7,Actual,13.5750962273381,61.3063718700483,0.60865704772475,0.290566037735849,0.100776914539401,182934.606179681
7,TerrestrialOnly,9.89662606193429,40.5312568678931,0.464594894561598,0.389123196448391,0.146281908990011,57842.5267259482
7,SatelliteOnly,16.5159570248621,30.3298873385328,0.296115427302997,0.069700332963374,0.634184239733629,429158.40686494
8,Actual,12.4956865853992,58.363890310052,0.461154273029967,0.328523862375139,0.210321864594895,97606.7399423799
8,TerrestrialOnly,10.9402091756114,43.4460367807435,0.378098409174991,0.335923048464669,0.28597854236034,61642.8091161204
8,SatelliteOnly,10.8228130242155,16.6678131661588,0.144469108398076,0.122456529781724,0.7330743618202,311388.225049132
