Step,Time_s,UserID,ServingNode,ServingType,Distance_m,PathLoss_dB,SNR_dB,Capacity_Mbps,NodePower_W,EnergyPerBit_uJ,SatElevation_deg,CandSat_SNR_dB,CandSat_PathLoss_dB,CandBS_SNR_dB
1,0,1,BS2,Terrestrial,295.272687326099,93.1813973038825,66.1550631216934,33.994764,503.334270320412,4.93540976212702,14.0970914122454,-Inf,Inf,66.1550631216934
1,0,2,BS2,Terrestrial,144.900842099444,110.387747013105,48.9487134124704,33.994764,503.334270320412,4.93540976212702,14.0919363465507,-Inf,Inf,48.9487134124704
1,0,3,BS1,Terrestrial,158.603762337124,105.334972542014,54.0014878835623,101.984292,503.334270320412,4.93540976212702,14.0997630287904,-Inf,Inf,54.0014878835623
1,0,4,BS2,Terrestrial,1289.96390375941,158.400751539554,0.935708886021956,7.1222915383519,503.334270320412,23.5567568672748,14.0735660728785,-Inf,Inf,0.935708886021956
1,0,5,None,Outage,NaN,NaN,-Inf,0,0,Inf,13.5319685968024,-Inf,Inf,NaN
1,0,6,None,Outage,NaN,NaN,-Inf,0,0,Inf,13.7764327076891,-Inf,Inf,NaN
2,5,1,BS2,Terrestrial,295.272687326099,91.010015787627,68.3264446379489,33.994764,503.334270320412,4.93540976212702,14.702055273063,-Inf,Inf,68.3264446379489
2,5,2,BS2,Terrestrial,144.900842099444,109.372231330573,49.9642290950029,33.994764,503.334270320412,4.93540976212702,14.6967317699522,-Inf,Inf,49.9642290950029
2,5,3,BS1,Terrestrial,158.603762337124,107.521410577875,51.8150498477011,101.984292,503.334270320412,4.93540976212702,14.7048172006217,-Inf,Inf,51.8150498477011
2,5,4,BS2,Terrestrial,1289.96390375941,146.461144383769,12.8753160418067,26.6198207227832,503.334270320412,6.30275056522854,14.677786863591,-Inf,Inf,12.8753160418067
2,5,5,None,Outage,NaN,NaN,-Inf,0,0,Inf,14.1223337682439,-Inf,Inf,NaN
2,5,6,None,Outage,NaN,NaN,-Inf,0,0,Inf,14.3713746668141,-Inf,Inf,NaN
3,10,1,BS2,Terrestrial,295.272687326099,89.9898684157464,69.3465920098294,33.994764,503.334270320412,4.93540976212702,15.3257945996643,-Inf,Inf,69.3465920098294
3,10,2,BS2,Terrestrial,144.900842099444,116.038818724036,43.2976417015401,33.994764,503.334270320412,4.93540976212702,15.3202925601074,-Inf,Inf,43.2976417015401
3,10,3,BS1,Terrestrial,158.603762337124,104.141911093779,55.1945493317972,101.984292,503.334270320412,4.93540976212702,15.3286522583956,-Inf,Inf,55.1945493317972
3,10,4,BS2,Terrestrial,1289.96390375941,151.768406982622,7.56805344295435,16.8103620607729,503.334270320412,9.98063512851491,15.3007386236931,-Inf,Inf,7.56805344295435
3,10,5,None,Outage,NaN,NaN,-Inf,0,0,Inf,14.7305369314595,-Inf,Inf,NaN
3,10,6,None,Outage,NaN,NaN,-Inf,0,0,Inf,14.9844942040137,-Inf,Inf,NaN
4,15,1,BS2,Terrestrial,295.272687326099,91.5182042452866,67.8182561802893,33.994764,503.334270320412,4.93540976212702,15.9694416658249,-Inf,Inf,67.8182561802893
4,15,2,BS2,Terrestrial,144.900842099444,120.711212741532,38.6252476840442,33.994764,503.334270320412,4.93540976212702,15.9637502103297,-Inf,Inf,38.6252476840442
4,15,3,BS1,Terrestrial,158.603762337124,104.232759515128,55.1037009104476,101.984292,503.334270320412,4.93540976212702,15.9724008973594,-Inf,Inf,55.1037009104476
4,15,4,BS2,Terrestrial,1289.96390375941,147.165605137512,12.1708552880636,25.2635752484591,503.334270320412,6.64110635398042,15.9435502108957,-Inf,Inf,12.1708552880636
4,15,5,None,Outage,NaN,NaN,-Inf,0,0,Inf,15.3576347355506,-Inf,Inf,NaN
4,15,6,None,Outage,NaN,NaN,-Inf,0,0,Inf,15.6168778377808,-Inf,Inf,NaN
5,20,1,BS2,Terrestrial,295.272687326099,89.9595500979851,69.3769103275908,33.994764,503.334270320412,4.93540976212702,16.6342156284133,-Inf,Inf,69.3769103275908
5,20,2,BS2,Terrestrial,144.900842099444,113.26708447607,46.0693759495057,33.994764,503.334270320412,4.93540976212702,16.6283230270549,-Inf,Inf,46.0693759495057
5,20,3,BS1,Terrestrial,158.603762337124,100.23279488127,59.1036655443055,101.984292,503.334270320412,4.93540976212702,16.6372827338505,-Inf,Inf,59.1036655443055
5,20,4,BS2,Terrestrial,1289.96390375941,149.127760463786,10.20869996179,21.5582723464886,503.334270320412,7.78253875868358,16.6074370616072,-Inf,Inf,10.20869996179
5,20,5,None,Outage,NaN,NaN,-Inf,0,0,Inf,16.004763215994,-Inf,Inf,NaN
5,20,6,None,Outage,NaN,NaN,-Inf,0,0,Inf,16.2696948971858,-Inf,Inf,NaN
6,25,1,BS2,Terrestrial,295.272687326099,90.395247232201,68.9412131933749,33.994764,503.334270320412,4.93540976212702,17.3214302397934,-Inf,Inf,68.9412131933749
6,25,2,BS2,Terrestrial,144.900842099444,114.214324984968,45.1221354406078,33.994764,503.334270320412,4.93540976212702,17.315323835605,-Inf,Inf,45.1221354406078
6,25,3,BS1,Terrestrial,158.603762337124,121.43037747123,37.9060829543462,101.984292,503.334270320412,4.93540976212702,17.3246120213302,-Inf,Inf,37.9060829543462
6,25,4,BS2,Terrestrial,1289.96390375941,154.242711018036,5.09374940753952,12.7363016499201,503.334270320412,13.1732189389419,17.2937088746836,-Inf,Inf,5.09374940753952
6,25,5,None,Outage,NaN,NaN,-Inf,0,0,Inf,16.6731446449353,-Inf,Inf,NaN
6,25,6,None,Outage,NaN,NaN,-Inf,0,0,Inf,16.9442048496605,-Inf,Inf,NaN
7,30,1,BS2,Terrestrial,295.272687326099,90.5205943836653,68.8158660419106,33.994764,503.334270320412,4.93540976212702,18.0325022755076,-Inf,Inf,68.8158660419106
7,30,2,BS2,Terrestrial,144.900842099444,112.548897701826,46.7875627237499,33.994764,503.334270320412,4.93540976212702,18.0261684006814,-Inf,Inf,46.7875627237499
7,30,3,BS1,Terrestrial,158.603762337124,111.587049797017,47.7494106285592,101.984292,503.334270320412,4.93540976212702,18.0358060820043,-Inf,Inf,47.7494106285592
7,30,4,BS2,Terrestrial,1289.96390375941,159.815167903804,-0.478707478228216,5.64679163131423,503.334270320412,29.7121092934247,18.0037780081252,-Inf,Inf,-0.478707478228216
7,30,5,None,Outage,NaN,NaN,-Inf,0,0,Inf,17.3640949869193,-Inf,Inf,NaN
7,30,6,None,Outage,NaN,NaN,-Inf,0,0,Inf,17.6417653121172,-Inf,Inf,NaN
8,35,1,BS2,Terrestrial,295.272687326099,95.4665662656953,63.8698941598806,33.994764,503.334270320412,4.93540976212702,18.7689607320139,-Inf,Inf,63.8698941598806
8,35,2,BS2,Terrestrial,144.900842099444,118.028920617688,41.3075398078877,33.994764,503.334270320412,4.93540976212702,18.7623846163586,-Inf,Inf,41.3075398078877
8,35,3,BS1,Terrestrial,158.603762337124,102.043181413753,57.2932790118224,101.984292,503.334270320412,4.93540976212702,18.7723945088064,-Inf,Inf,57.2932790118224
8,35,4,BS2,Terrestrial,1289.96390375941,145.37897989127,13.957480534306,28.7238463093658,503.334270320412,5.8410732427606,18.7391686434913,-Inf,Inf,13.957480534306
8,35,5,None,Outage,NaN,NaN,-Inf,0,0,Inf,18.0790320000274,-Inf,Inf,NaN
8,35,6,None,Outage,NaN,NaN,-Inf,0,0,Inf,18.3638407998726,-Inf,Inf,NaN
9,40,1,BS2,Terrestrial,295.272687326099,94.3105521418741,65.0259082837018,33.994764,503.334270320412,4.93540976212702,19.5324568478855,-Inf,Inf,65.0259082837018
9,40,2,BS2,Terrestrial,144.900842099444,125.380798092334,33.955662333242,33.994764,503.334270320412,4.93540976212702,19.5256225190022,-Inf,Inf,33.955662333242
9,40,3,BS1,Terrestrial,158.603762337124,103.892380235698,55.444080189878,101.984292,503.334270320412,4.93540976212702,19.5360291911461,-Inf,Inf,55.444080189878
9,40,4,BS2,Terrestrial,1289.96390375941,161.728825604167,-2.39236517859163,4.01889167608871,503.334270320412,41.7473531583439,19.5015267715254,-Inf,Inf,-2.39236517859163
9,40,5,None,Outage,NaN,NaN,-Inf,0,0,Inf,18.8194840190349,-Inf,Inf,NaN
9,40,6,None,Outage,NaN,NaN,-Inf,0,0,Inf,19.1120122675222,-Inf,Inf,NaN
10,45,1,BS2,Terrestrial,295.272687326099,90.8750798137198,68.461380611856,33.994764,503.334270320412,4.93540976212702,20.3247749979431,0.374535887454215,168.600651306774,68.461380611856
10,45,2,BS2,Terrestrial,144.900842099444,117.261571401554,42.0748890240216,33.994764,503.334270320412,4.93540976212702,20.3176651726227,-3.30354145986345,172.278728654092,42.0748890240216
10,45,3,BS1,Terrestrial,158.603762337124,105.394618993016,53.94184143256,101.984292,503.334270320412,4.93540976212702,20.3284952138722,1.18663710794749,167.788550086281,53.94184143256
10,45,4,BS2,Terrestrial,1289.96390375941,146.23669617603,13.0997642495463,27.0542886779423,503.334270320412,6.20153396395137,20.2926310486639,6.12532447568705,162.849862718541,13.0997642495463
10,45,5,None,Outage,NaN,NaN,-Inf,0,0,Inf,19.587099451026,-Inf,Inf,NaN
10,45,6,None,Outage,NaN,NaN,-Inf,0,0,Inf,19.8879874934703,-Inf,Inf,NaN
11,50,1,BS2,Terrestrial,295.272687326099,89.3837510540079,69.9527093715679,33.994764,503.334270320412,4.93540976212702,21.1478445022288,5.0685009970027,163.906686197225,69.9527093715679
11,50,2,BS2,Terrestrial,144.900842099444,106.497259885922,52.8392005396537,33.994764,503.334270320412,4.93540976212702,21.1404404686569,1.81489880089615,167.160288393332,52.8392005396537
11,50,3,BS1,Terrestrial,158.603762337124,97.9442120214093,61.3922484041666,101.984292,503.334270320412,4.93540976212702,21.1517226713172,-7.32428465026123,176.299471844489,61.3922484041666
11,50,4,BS2,Terrestrial,1289.96390375941,149.252188795088,10.0842716304875,21.3276089823228,503.334270320412,7.86670883950777,21.1144045667121,-7.59371175892454,176.568898953153,10.0842716304875
11,50,5,SAT-1,Satellite,1377183.89069843,174.842603744789,-5.86741655056139,4.98374968483068,188.391482363219,18.9005763006754,20.3836570038291,-5.86741655056139,174.842603744789,NaN
11,50,6,SAT-1,Satellite,1364921.51008169,169.108274522353,-0.133087328125299,14.6709602740496,188.391482363219,6.42055730654697,20.6936123543788,-0.133087328125299,169.108274522353,NaN
12,55,1,BS2,Terrestrial,295.272687326099,89.6281260495893,69.7083343759866,33.994764,503.334270320412,4.93540976212702,22.0037523791473,-9.65959556014161,178.63478275437,69.7083343759866
12,55,2,BS2,Terrestrial,144.900842099444,113.80431496964,45.5321454559363,33.994764,503.334270320412,4.93540976212702,21.9960338696339,5.78577833495314,163.189408859275,45.5321454559363
12,55,3,BS1,Terrestrial,158.603762337124,105.350951965219,53.9855084603567,101.984292,503.334270320412,4.93540976212702,22.0077994256809,1.18946509179838,167.78572210243,53.9855084603567
12,55,4,BS2,Terrestrial,1289.96390375941,150.597711120881,8.73874930469503,18.8739950819579,503.334270320412,8.88937871278706,21.9689275656214,0.962899193189799,168.012288001038,8.73874930469503
12,55,5,SAT-1,Satellite,1344845.95119252,169.991671103687,-1.01648390945911,12.6153344955211,188.391482363219,7.46676524630024,21.211076652234,-1.01648390945911,169.991671103687,NaN
12,55,6,SAT-1,Satellite,1332741.59013724,170.343027099945,-1.36783990571729,11.8593340768361,188.391482363219,7.94275130216579,21.530883026145,-1.36783990571729,170.343027099945,NaN
13,60,1,BS2,Terrestrial,295.272687326099,91.0876873047473,68.2487731208285,50.992146,503.334270320412,4.93540976212702,22.8947570526535,5.15239572262189,163.822791471606,68.2487731208285
13,60,2,BS2,Terrestrial,144.900842099444,112.154916717001,47.1815437085746,50.992146,503.334270320412,4.93540976212702,22.8867021068134,-11.153885738412,180.12907293264,47.1815437085746
13,60,3,BS1,Terrestrial,158.603762337124,96.988268045675,62.3481923799009,50.992146,503.334270320412,4.93540976212702,22.8989848195216,-1.0284952055336,170.003682399762,62.3481923799009
13,60,4,BS1,Terrestrial,1684.50527938871,147.021469253804,12.3149911717723,38.3101603551422,503.334270320412,6.56920077669229,22.8584511001779,0.618382904950295,168.356804289278,12.3149911717723
13,60,5,SAT-1,Satellite,1312695.78191462,165.292877149005,3.68231004522272,52.1267038399131,188.391482363219,3.61410694491234,22.0714313243368,3.68231004522272,165.292877149005,NaN
13,60,6,None,Outage,1300745.68367447,180.382505576941,-11.4073183827124,0,0,Inf,22.4019591326004,-11.4073183827124,180.382505576941,NaN
14,65,1,BS2,Terrestrial,295.272687326099,88.8426296285005,70.4938307970754,33.994764,503.334270320412,4.93540976212702,23.8233029946384,1.79469565927201,167.180491534956,70.4938307970754
14,65,2,BS2,Terrestrial,144.900842099444,112.469816169935,46.8666442556409,33.994764,503.334270320412,4.93540976212702,23.8148878132514,6.62957866363618,162.345608530592,46.8666442556409
14,65,3,BS1,Terrestrial,158.603762337124,100.029380461355,59.3070799642211,101.984292,503.334270320412,4.93540976212702,23.8277243233477,1.44963459390664,167.525552600321,59.3070799642211
14,65,4,BS2,Terrestrial,1289.96390375941,147.400017164389,11.9364432611867,24.8149713900628,503.334270320412,6.76116395499819,23.7854116431158,0.70042446539955,168.274762728829,11.9364432611867
14,65,5,SAT-1,Satellite,1280749.09949423,157.123119642816,11.8520675514124,60.4261044815629,188.391482363219,1.5588584104466,22.9669592580371,11.8520675514124,157.123119642816,NaN
14,65,6,SAT-1,Satellite,1268949.27885361,165.460014353065,3.51517284116312,25.4836526401788,188.391482363219,3.69632024543826,23.3091778398266,3.51517284116312,165.460014353065,NaN
15,70,1,BS2,Terrestrial,295.272687326099,90.4507092798625,68.8857511457134,33.994764,503.334270320412,4.93540976212702,24.7920362425004,0.149581411612814,168.825605782615,68.8857511457134
15,70,2,BS2,Terrestrial,144.900842099444,107.531958380291,51.8045020452846,33.994764,503.334270320412,4.93540976212702,24.7832350327166,3.80592696731424,165.169260226914,51.8045020452846
15,70,3,BS1,Terrestrial,158.603762337124,113.83041679726,45.506043628316,101.984292,503.334270320412,4.93540976212702,24.7966650580633,6.51131885214352,162.463868342085,45.506043628316
15,70,4,BS2,Terrestrial,1289.96390375941,150.057745889776,9.27871453580008,19.8491728711863,503.334270320412,8.45264894389411,24.7524465665859,-2.04455934942033,171.019746543648,9.27871453580008
15,70,5,SAT-1,Satellite,1249023.0850317,176.280373876722,-7.30518668249354,3.69131311535275,188.391482363219,25.5182202750112,23.9000769324304,-7.30518668249354,176.280373876722,NaN
15,70,6,SAT-1,Satellite,1237369.31536675,164.564575354307,4.41061183992073,28.6665535511667,188.391482363219,3.28591091403715,24.2550688601195,4.41061183992073,164.564575354307,NaN
16,75,1,BS2,Terrestrial,295.272687326099,91.7033574950368,67.633102930539,33.994764,503.334270320412,4.93540976212702,25.8038206742394,2.33326430715957,166.641922887069,67.633102930539
16,75,2,BS2,Terrestrial,144.900842099444,113.545005963448,45.7914544621277,33.994764,503.334270320412,4.93540976212702,25.7946054874065,-0.39464459973874,169.369831793967,45.7914544621277
16,75,3,BS1,Terrestrial,158.603762337124,96.3817427637206,62.9547176618552,101.984292,503.334270320412,4.93540976212702,25.8086720742799,7.68585268081921,161.289334513409,62.9547176618552
16,75,4,BS2,Terrestrial,1289.96390375941,143.10428794954,16.2321724760356,33.2081040125912,503.334270320412,5.05232367506405,25.7624103870228,1.06525356730012,167.909933626928,16.2321724760356
16,75,5,SAT-1,Satellite,1217536.54612165,164.455203920756,4.51998327347249,29.0679679731326,188.391482363219,3.24053409129507,24.8733924163549,4.51998327347249,164.455203920756,NaN
16,75,6,SAT-1,Satellite,1206024.34639445,169.059976347294,-0.0847891530656852,14.7897834504687,188.391482363219,6.36897365651584,25.2423702816561,-0.0847891530656852,169.059976347294,NaN
17,80,1,BS2,Terrestrial,295.272687326099,90.1769979438121,69.1594624817638,50.992146,503.334270320412,4.93540976212702,26.8617548440661,8.44644055624855,160.52874663798,69.1594624817638
17,80,2,BS2,Terrestrial,144.900842099444,115.27677412704,44.0596862985362,50.992146,503.334270320412,4.93540976212702,26.8520954082963,2.99214619173136,165.983041002497,44.0596862985362
17,80,3,BS1,Terrestrial,158.603762337124,98.4782803582271,60.8581800673487,101.984292,503.334270320412,4.93540976212702,26.8668451910372,6.67995838185189,162.295228812376,60.8581800673487
17,80,4,SAT-1,Satellite,1159181.66080096,158.042600553348,10.9325866408796,37.4365997205622,188.391482363219,1.67742693664692,26.8183915801181,10.9325866408796,158.042600553348,0.480063584887034
17,80,5,SAT-1,Satellite,1186310.09766353,164.181770594039,4.79341660018929,20.0553555247132,188.391482363219,3.13119160168254,25.8897188911439,4.79341660018929,164.181770594039,NaN
17,80,6,SAT-1,Satellite,1174934.71959766,163.985988449916,4.98919874431178,20.5464797585638,188.391482363219,3.05634646546036,26.2740450733016,4.98919874431178,163.985988449916,NaN
18,85,1,BS2,Terrestrial,295.272687326099,90.2936862067299,69.042774218846,33.994764,503.334270320412,4.93540976212702,27.9691890739443,0.152173541095465,168.823013653133,69.042774218846
18,85,2,BS2,Terrestrial,144.900842099444,120.664731779893,38.6717286456832,33.994764,503.334270320412,4.93540976212702,27.9590526246743,3.96438242462952,165.010804769599,38.6717286456832
18,85,3,BS1,Terrestrial,158.603762337124,114.204286205894,45.1321742196824,101.984292,503.334270320412,4.93540976212702,27.974536088737,4.14645373025672,164.828733463971,45.1321742196824
18,85,4,BS2,Terrestrial,1289.96390375941,152.140724455456,7.19573597012027,16.1703986373131,503.334270320412,10.37563104472,27.9237296663355,-2.31731370972852,171.292500903957,7.19573597012027
18,85,5,None,Outage,1155366.36332449,178.915453494969,-9.94026630074046,0,0,Inf,26.9520879896202,-9.94026630074046,178.915453494969,NaN
18,85,6,SAT-1,Satellite,1144122.77909394,165.859444992591,3.11574220163712,48.2522451851805,188.391482363219,3.9043050046732,27.3532980229829,3.11574220163712,165.859444992591,NaN
19,90,1,BS2,Terrestrial,295.272687326099,91.7403551882316,67.5961052373443,33.994764,503.334270320412,4.93540976212702,29.1297423525146,5.17211098680465,163.803076207423,67.5961052373443
19,90,2,BS2,Terrestrial,144.900842099444,114.402482625983,44.9339777995928,33.994764,503.334270320412,4.93540976212702,29.1190934658398,7.65745183675674,161.317735357471,44.9339777995928
19,90,3,BS1,Terrestrial,158.603762337124,104.902599466152,54.433860959424,101.984292,503.334270320412,4.93540976212702,29.1353652069222,10.4875119742124,158.487675220016,54.433860959424
19,90,4,BS2,Terrestrial,1289.96390375941,154.277283136102,5.0591772894735,12.6826773972616,503.334270320412,13.2289172744416,29.0820321251114,-2.94621249239862,171.921399686627,5.0591772894735
19,90,5,SAT-1,Satellite,1124730.1995231,165.647876644906,3.32731054932202,24.8402297130654,188.391482363219,3.79206401348472,28.0637624394351,3.32731054932202,165.647876644906,NaN
19,90,6,SAT-1,Satellite,1113613.0903916,158.554559481016,10.4206277132117,53.8050466758701,188.391482363219,1.75068598581577,28.4835927454171,10.4206277132117,158.554559481016,NaN
20,95,1,BS2,Terrestrial,295.272687326099,88.5859194795678,70.750540946008,33.994764,503.334270320412,4.93540976212702,30.3473184025651,-0.397915271437654,169.373102465666,70.750540946008
20,95,2,BS2,Terrestrial,144.900842099444,111.036179691577,48.300280733999,33.994764,503.334270320412,4.93540976212702,30.3361188381357,8.78362560995438,160.191561584274,48.300280733999
20,95,3,BS1,Terrestrial,158.603762337124,108.924012383101,50.4124480424745,101.984292,503.334270320412,4.93540976212702,30.3532378069779,4.02008402757559,164.955103166653,50.4124480424745
20,95,4,BS2,Terrestrial,1289.96390375941,151.937708232905,7.39875219267049,16.5183061039364,503.334270320412,10.1571001924236,30.2971905077301,2.90852733077452,166.066659863454,7.39875219267049
20,95,5,SAT-1,Satellite,1094428.94371246,165.25661629797,3.71857089625769,26.190011053788,188.391482363219,3.59662853857349,29.2282472944585,3.71857089625769,165.25661629797,NaN
20,95,6,SAT-1,Satellite,1083432.69018998,157.578834685851,11.3963525083769,58.3015501631246,188.391482363219,1.61566443633239,29.6686682318166,11.3963525083769,157.578834685851,NaN
21,100,1,BS2,Terrestrial,295.272687326099,92.3581434455267,66.9783169800491,50.992146,503.334270320412,4.93540976212702,31.6261200298245,8.8579972534211,160.117189940807,66.9783169800491
21,100,2,BS2,Terrestrial,144.900842099444,117.988292088297,41.3481683372791,50.992146,503.334270320412,4.93540976212702,31.6143285927156,12.2917806881304,156.683406506098,41.3481683372791
21,100,3,BS1,Terrestrial,158.603762337124,109.374766548414,49.9616938771614,50.992146,503.334270320412,4.93540976212702,31.6323583111178,1.93121892037399,167.043968273854,49.9616938771614
21,100,4,BS1,Terrestrial,1684.50527938871,155.727348599337,3.6091118262388,15.7948856550066,503.334270320412,15.9334572378138,31.5733948731204,1.21759433643274,167.757592857795,3.6091118262388
21,100,5,SAT-1,Satellite,1064492.68851187,160.762223465663,8.21296372856474,43.9658437059131,188.391482363219,2.14247545916969,30.4492987685107,8.21296372856474,160.762223465663,NaN
21,100,6,SAT-1,Satellite,1053611.36275428,155.802560419098,13.17262677513,66.6557792486907,188.391482363219,1.41316690380541,30.9125541997435,13.17262677513,155.802560419098,NaN
22,105,1,BS2,Terrestrial,295.272687326099,92.5453826700263,66.7910777555496,33.994764,503.334270320412,4.93540976212702,32.9706605458878,10.0747372461828,158.900449948045,66.7910777555496
22,105,2,BS2,Terrestrial,144.900842099444,118.266470090223,41.0699903353531,33.994764,503.334270320412,4.93540976212702,32.9582329802208,10.7865490678963,158.188638126332,41.0699903353531
22,105,3,BS1,Terrestrial,158.603762337124,104.488622811476,54.8478376141,101.984292,503.334270320412,4.93540976212702,32.9772417086382,16.4333021468271,152.541885047401,54.8478376141
22,105,4,BS2,Terrestrial,1289.96390375941,151.000803646667,8.33565677890888,18.1551944152423,503.334270320412,9.24132709732621,32.9151453540994,3.46467821252622,165.510508981702,8.33565677890888
22,105,5,SAT-1,Satellite,1034954.58280706,166.661024432791,2.3141627614369,21.5247531868668,188.391482363219,4.37615894425597,31.7309293331558,2.3141627614369,166.661024432791,NaN
22,105,6,SAT-1,Satellite,1024181.94417629,171.432375542789,-2.45718834856052,9.73267100454985,188.391482363219,9.67830322606964,32.2195842230041,-2.45718834856052,171.432375542789,NaN
23,110,1,BS2,Terrestrial,295.272687326099,89.8949674840999,69.441492941476,50.992146,503.334270320412,4.93540976212702,34.3857706520126,7.22855417350124,161.746633020727,69.441492941476
23,110,2,BS2,Terrestrial,144.900842099444,108.029530041221,51.3069303843548,50.992146,503.334270320412,4.93540976212702,34.3726595833648,7.09419935399788,161.88098784023,51.3069303843548
23,110,3,BS1,Terrestrial,158.603762337124,101.989521555343,57.3469388702325,101.984292,503.334270320412,4.93540976212702,34.3927204138675,10.2018453153279,158.7733418789,57.3469388702325
23,110,4,SAT-1,Satellite,980488.461121673,158.752729166174,10.2224580280542,35.2676673903375,188.391482363219,1.78058730373941,34.3272592593769,10.2224580280542,158.752729166174,7.52431530034173
23,110,5,SAT-1,Satellite,1005851.16022751,164.964302121846,4.01088507238171,18.1483342689308,188.391482363219,3.46021623016089,33.0774072832032,4.01088507238171,164.964302121846,NaN
23,110,6,SAT-1,Satellite,995180.655157206,159.611101466117,9.36408572811135,32.6872002560835,188.391482363219,1.92115446706244,33.594405265299,9.36408572811135,159.611101466117,NaN
24,115,1,BS2,Terrestrial,295.272687326099,88.3641449683792,70.9723154571967,50.992146,503.334270320412,4.93540976212702,35.8765986641284,3.97487886061779,165.00030833361,70.9723154571967
24,115,2,BS2,Terrestrial,144.900842099444,116.398185553936,42.9382748716398,50.992146,503.334270320412,4.93540976212702,35.8627536130559,10.8877513747212,158.087435819507,42.9382748716398
24,115,3,BS1,Terrestrial,158.603762337124,105.495066343452,53.8413940821243,101.984292,503.334270320412,4.93540976212702,35.8839444532794,10.343598773717,158.631588420511,53.8413940821243
24,115,4,SAT-1,Satellite,952199.268056695,161.20122548596,7.77396170826847,28.0520520060544,188.391482363219,2.23859419532611,35.814871614666,7.77396170826847,161.20122548596,1.8304986022579
24,115,5,SAT-1,Satellite,977222.694311348,162.645621770655,6.32956542357329,24.0461283061848,188.391482363219,2.61152897415039,34.4932483827414,6.32956542357329,162.645621770655,NaN
24,115,6,SAT-1,Satellite,966647.461886228,160.56824336079,8.40694383343782,29.8720808049317,188.391482363219,2.10220242767193,35.0419817926556,8.40694383343782,160.56824336079,NaN
25,120,1,BS2,Terrestrial,295.272687326099,92.6240514177409,66.712409007835,50.992146,503.334270320412,4.93540976212702,37.4486013413975,6.99988775995817,161.97529943427,66.712409007835
25,120,2,BS2,Terrestrial,144.900842099444,111.899769847102,47.4366905784739,50.992146,503.334270320412,4.93540976212702,37.4339688367982,11.4192865795034,157.555900614725,47.4366905784739
25,120,3,BS1,Terrestrial,158.603762337124,127.440069008171,31.8963914174047,101.984292,503.334270320412,4.93540976212702,37.4563722406113,10.3777231918682,158.59746400236,31.8963914174047
25,120,4,SAT-1,Satellite,924446.99882908,155.327581628022,13.6476055662061,45.9461861209169,188.391482363219,1.36675459030431,37.3834264330563,13.6476055662061,155.327581628022,7.37483125453912
25,120,5,SAT-1,Satellite,949113.578048226,157.335961107046,11.6392260871817,39.621365352212,188.391482363219,1.58493177177282,35.9831964481258,11.6392260871817,157.335961107046,NaN
25,120,6,SAT-1,Satellite,938626.463002425,155.564536199291,13.4106509949367,45.1924853963926,188.391482363219,1.38954873220476,36.5675920850904,13.4106509949367,155.564536199291,NaN
26,125,1,BS2,Terrestrial,295.272687326099,91.9369981639462,67.3994622616297,33.994764,503.334270320412,4.93540976212702,39.1075218470991,7.64563356667415,161.329553627554,67.3994622616297
26,125,2,BS2,Terrestrial,144.900842099444,126.56048218214,32.7759782434362,33.994764,503.334270320412,4.93540976212702,39.0920456756723,10.4167132133882,158.55847398084,32.7759782434362
26,125,3,BS1,Terrestrial,158.603762337124,98.4482703346838,60.8881900908921,101.984292,503.334270320412,4.93540976212702,39.1157484646464,9.60658247058223,159.368604723646,60.8881900908921
26,125,4,BS2,Terrestrial,1289.96390375941,148.519885956301,10.8165744692746,22.693170472782,503.334270320412,7.39332964990659,39.0386552760258,5.33388143367915,163.641305760549,10.8165744692746
26,125,5,SAT-1,Satellite,921572.723184871,156.072111476995,12.9030757172328,65.3762181088915,188.391482363219,1.44082579118779,37.5521887628603,12.9030757172328,156.072111476995,NaN
26,125,6,SAT-1,Satellite,911166.298344555,162.604925402224,6.37026179200421,36.2338253010652,188.391482363219,2.5996631710547,38.1768136986455,6.37026179200421,162.604925402224,NaN
27,130,1,BS2,Terrestrial,295.272687326099,86.5115085686312,72.8249518569447,33.994764,503.334270320412,4.93540976212702,40.8593505320216,7.82978923593851,161.14539795829,72.8249518569447
27,130,2,BS2,Terrestrial,144.900842099444,118.757921708201,40.5785387173748,33.994764,503.334270320412,4.93540976212702,40.8429721685536,4.74503512850373,164.230152065724,40.5785387173748
27,130,3,BS1,Terrestrial,158.603762337124,105.849115898523,53.487344527053,101.984292,503.334270320412,4.93540976212702,40.8680647751829,11.3672309584665,157.607956235762,53.487344527053
27,130,4,BS2,Terrestrial,1289.96390375941,145.494320930358,13.8421394952178,28.4985350570083,503.334270320412,5.88725314375569,40.7865388318655,7.82907062048369,161.146116573744,13.8421394952178
27,130,5,SAT-1,Satellite,894653.971491448,163.951698796054,5.02348839817455,30.9495767440769,188.391482363219,3.04352275834067,39.2053010048615,5.02348839817455,163.951698796054,NaN
27,130,6,SAT-1,Satellite,884320.572011611,157.57339790451,11.401789289718,58.3268107022237,188.391482363219,1.61496471429764,39.8754942460748,11.401789289718,157.57339790451,NaN
28,135,1,BS2,Terrestrial,295.272687326099,90.4420082499789,68.894452175597,50.992146,503.334270320412,4.93540976212702,42.7102633225225,16.2147260173088,152.760461176919,68.894452175597
28,135,2,BS2,Terrestrial,144.900842099444,111.515938472195,47.8205219533804,50.992146,503.334270320412,4.93540976212702,42.6929225946826,7.10257418898573,161.872613005242,47.8205219533804
28,135,3,BS1,Terrestrial,158.603762337124,103.752327538331,55.584132887245,101.984292,503.334270320412,4.93540976212702,42.7194980444012,-11.5367395614415,180.51192675567,55.584132887245
28,135,4,SAT-1,Satellite,844950.04174106,157.31338173835,11.6618054558781,39.6915714782006,188.391482363219,1.58212835745818,42.6332463321798,11.6618054558781,157.31338173835,4.00541447131488
28,135,5,SAT-1,Satellite,868416.505905306,154.449411337256,14.5257758569717,48.7536728464218,188.391482363219,1.28804984571226,40.9476648387794,14.5257758569717,154.449411337256,NaN
28,135,6,SAT-1,Satellite,858148.277945182,164.382522625166,4.59266456906229,19.5574590206465,188.391482363219,3.21090591172634,41.6697027876028,4.59266456906229,164.382522625166,NaN
29,140,1,BS2,Terrestrial,295.272687326099,90.2019027187064,69.1345577068694,50.992146,503.334270320412,4.93540976212702,44.6665315936212,15.0646564573311,153.910530736897,69.1345577068694
29,140,2,BS2,Terrestrial,144.900842099444,111.415464727014,47.9209956985622,50.992146,503.334270320412,4.93540976212702,44.6481676434688,14.8540736351021,154.121113559126,47.9209956985622
29,140,3,BS1,Terrestrial,158.603762337124,105.208186955565,54.1282734700111,101.984292,503.334270320412,4.93540976212702,44.6763200792325,11.3468280657977,157.62835912843,54.1282734700111
29,140,4,SAT-1,Satellite,819911.395228644,156.501508337302,12.4736788569265,42.2306294668948,188.391482363219,1.4870050856563,44.5850467231462,12.4736788569265,156.501508337302,9.02049085666533
29,140,5,SAT-1,Satellite,842925.243876293,153.891792531138,15.0833946630901,50.5466944156511,188.391482363219,1.24235939686484,42.7843494025457,15.0833946630901,153.891792531138,NaN
29,140,6,SAT-1,Satellite,832714.210568319,153.86449683126,15.1106903629683,50.6346488599749,188.391482363219,1.24020136806713,43.5656562026033,15.1106903629683,153.86449683126,NaN
30,145,1,BS2,Terrestrial,295.272687326099,89.9782555003595,69.3582049252164,50.992146,503.334270320412,4.93540976212702,46.7343966469821,7.57365928510316,161.401527909125,69.3582049252164
30,145,2,BS2,Terrestrial,144.900842099444,110.270638469269,49.0658219563069,50.992146,503.334270320412,4.93540976212702,46.7149492578686,12.1100982311316,156.865088963097,49.0658219563069
30,145,3,BS1,Terrestrial,158.603762337124,95.9504404552247,63.3860199703512,101.984292,503.334270320412,4.93540976212702,46.7447719008554,8.5995956526537,160.375591541574,63.3860199703512
30,145,4,SAT-1,Satellite,795721.608937605,158.438312532962,10.5368746612666,36.2244516372447,188.391482363219,1.7335572506824,46.6481847385709,10.5368746612666,158.438312532962,10.1175916277309
30,145,5,SAT-1,Satellite,818251.188160656,158.970722832296,10.0044643619323,34.607798897359,188.391482363219,1.81453784373821,44.7201954718243,10.0044643619323,158.970722832296,NaN
30,145,6,SAT-1,Satellite,808089.335773443,156.27964439384,12.6955428003879,42.9291205832073,188.391482363219,1.46281032396233,45.5696140462733,12.6955428003879,156.27964439384,NaN
31,150,1,BS2,Terrestrial,295.272687326099,90.9653114482239,68.371148977352,33.994764,503.334270320412,4.93540976212702,48.919901511308,7.08749293087482,161.887694263353,68.371148977352
31,150,2,BS2,Terrestrial,144.900842099444,113.33153958071,46.0049208448657,33.994764,503.334270320412,4.93540976212702,48.8993128708521,11.4991561533868,157.476031040841,46.0049208448657
31,150,3,BS1,Terrestrial,158.603762337124,108.538937884026,50.7975225415501,101.984292,503.334270320412,4.93540976212702,48.9308953074596,14.2817302460404,154.693456948188,50.7975225415501
31,150,4,BS2,Terrestrial,1289.96390375941,151.480837204338,7.85562322123772,17.3103133876543,503.334270320412,9.69237739083705,48.8287145994747,7.70518767182452,161.269999522404,7.85562322123772
31,150,5,SAT-1,Satellite,794471.701682462,153.871283247594,15.1039039466337,75.9191693463169,188.391482363219,1.24073724716245,46.7595878987061,15.1039039466337,153.871283247594,NaN
31,150,6,SAT-1,Satellite,784351.088646313,157.933999435357,11.0411877588714,56.6561131524602,188.391482363219,1.66258742332237,47.6877347475384,11.0411877588714,157.933999435357,NaN
32,155,1,BS2,Terrestrial,295.272687326099,88.8446910022451,70.4917694233307,50.992146,503.334270320412,4.93540976212702,51.2286730580957,13.6754759096239,155.299711284604,70.4917694233307
32,155,2,BS2,Terrestrial,144.900842099444,115.163000838924,44.1734595866522,50.992146,503.334270320412,4.93540976212702,51.2068900218677,12.3785744526802,156.596612741548,44.1734595866522
32,155,3,BS1,Terrestrial,158.603762337124,102.46328824361,56.8731721819659,101.984292,503.334270320412,4.93540976212702,51.2403147160691,13.6141989214694,155.360988272759,56.8731721819659
32,155,4,SAT-1,Satellite,750219.092907732,158.983980677343,9.99120651688514,34.5677628875942,188.391482363219,1.81663942187813,51.1322843049622,9.99120651688514,158.983980677343,5.33745945602607
32,155,5,SAT-1,Satellite,771670.663053215,158.200860404403,10.7743267898246,36.9507875179122,188.391482363219,1.69948098554863,48.9061475702524,10.7743267898246,158.200860404403,NaN
32,155,6,SAT-1,Satellite,761583.553860745,159.813127452365,9.16205974186346,32.0871868968175,188.391482363219,1.95707903561867,49.925885829448,9.16205974186346,159.813127452365,NaN
33,160,1,BS2,Terrestrial,295.272687326099,91.4850546597472,67.8514057658287,50.992146,503.334270320412,4.93540976212702,53.6656488110657,14.8654697605685,154.10971743366,67.8514057658287
33,160,2,BS2,Terrestrial,144.900842099444,121.352536414387,37.9839240111893,50.992146,503.334270320412,4.93540976212702,53.6426257129218,11.2246444309026,157.750542763325,37.9839240111893
33,160,3,BS1,Terrestrial,158.603762337124,98.4555720497796,60.8808883757962,101.984292,503.334270320412,4.93540976212702,53.6779636712584,9.29524692434353,159.679940269885,60.8808883757962
33,160,4,SAT-1,Satellite,729088.222675416,157.986780518254,10.9884066759744,37.6082690064443,188.391482363219,1.66977003852475,53.5638648089184,10.9884066759744,157.986780518254,7.41920189925045
33,160,5,SAT-1,Satellite,749938.448427307,162.140716774143,6.83447042008478,25.4211971059285,188.391482363219,2.47026764813898,51.1623177645479,6.83447042008478,162.140716774143,NaN
33,160,6,SAT-1,Satellite,739877.473167478,159.225037350212,9.75014984401608,33.8417893831817,188.391482363219,1.8556099406182,52.2894014888882,9.75014984401608,159.225037350212,NaN
34,165,1,BS2,Terrestrial,295.272687326099,87.478287858597,71.8581725669789,50.992146,503.334270320412,4.93540976212702,56.2347458499375,10.8368374498163,158.138349744412,71.8581725669789
34,165,2,BS2,Terrestrial,144.900842099444,111.244829968811,48.0916304567648,50.992146,503.334270320412,4.93540976212702,56.2104478682093,11.4718041778832,157.503383016345,48.0916304567648
34,165,3,BS1,Terrestrial,158.603762337124,101.562172210008,57.7742882155682,101.984292,503.334270320412,4.93540976212702,56.2477534404434,10.7389726030562,158.236214591172,57.7742882155682
34,165,4,SAT-1,Satellite,709169.438419904,153.484524197241,15.4906629969868,51.8607019940495,188.391482363219,1.21088142607373,56.1274213204026,15.4906629969868,153.484524197241,2.6825232677123
34,165,5,SAT-1,Satellite,729371.674643826,161.611354033763,7.36383316046536,26.8926214818735,188.391482363219,2.33510745057215,53.5288096272003,7.36383316046536,161.611354033763,NaN
34,165,6,SAT-1,Satellite,719330.012892856,157.554125247219,11.4210619470087,38.9442487303001,188.391482363219,1.61248869435453,54.7827828147211,11.4210619470087,157.554125247219,NaN
35,170,1,BS2,Terrestrial,295.272687326099,93.7743747530496,65.5620856725263,50.992146,503.334270320412,4.93540976212702,58.9384744211996,13.6293314749192,155.345855719309,65.5620856725263
35,170,2,BS2,Terrestrial,144.900842099444,110.134740467747,49.2017199578285,50.992146,503.334270320412,4.93540976212702,58.9128814499405,10.4316608357712,158.543526358457,49.2017199578285
35,170,3,BS1,Terrestrial,158.603762337124,94.8148071698321,64.5216532557437,101.984292,503.334270320412,4.93540976212702,58.9521863395223,10.1054077218551,158.869779472373,64.5216532557437
35,170,4,SAT-1,Satellite,690568.612627351,158.945432532875,10.0297546613535,34.6842012498228,188.391482363219,1.8105407800925,58.8255290757615,10.0297546613535,158.945432532875,1.17294961347369
35,170,5,SAT-1,Satellite,710072.629890342,157.841715548213,11.1334716460149,38.0551598333137,188.391482363219,1.65016153033646,56.0038538578665,11.1334716460149,157.841715548213,NaN
35,170,6,SAT-1,Satellite,700044.214719045,156.352150346918,12.6230368473103,42.7006464909577,188.391482363219,1.4706372373317,57.4093396575198,12.6230368473103,156.352150346918,NaN
36,175,1,BS2,Terrestrial,295.272687326099,92.0682861037364,67.2681743218394,33.994764,503.334270320412,4.93540976212702,61.7775066996541,6.88777530553708,162.087411888691,67.2681743218394
36,175,2,BS2,Terrestrial,144.900842099444,112.482786485478,46.8536739400976,33.994764,503.334270320412,4.93540976212702,61.7506175875619,11.9860240746889,156.989163119539,46.8536739400976
36,175,3,BS1,Terrestrial,158.603762337124,104.167398085939,55.1690623396365,101.984292,503.334270320412,4.93540976212702,61.791924277179,11.714917448932,157.260269745296,55.1690623396365
36,175,4,BS2,Terrestrial,1289.96390375941,143.955251541791,15.3812088837853,31.522415116452,503.334270320412,5.32250113092504,61.6589436451481,8.39900639287566,160.576180801352,15.3812088837853
36,175,5,SAT-1,Satellite,692148.31415418,159.938164168437,9.03702302579094,47.5759980565508,188.391482363219,1.97990047564834,58.5821728761066,9.03702302579094,159.938164168437,NaN
36,175,6,SAT-1,Satellite,682128.048073459,155.809609304708,13.1655778895197,66.6222706838687,188.391482363219,1.41387767505824,60.1707791129201,13.1655778895197,155.809609304708,NaN
37,180,1,BS2,Terrestrial,295.272687326099,89.7426457002563,69.5938147253196,50.992146,503.334270320412,4.93540976212702,64.7502216541344,14.3909892871395,154.584197907089,69.5938147253196
37,180,2,BS2,Terrestrial,144.900842099444,115.254753552744,44.0817068728322,50.992146,503.334270320412,4.93540976212702,64.7220585618304,15.6645629262534,153.310624267975,44.0817068728322
37,180,3,BS1,Terrestrial,158.603762337124,101.315940984767,58.0205194408088,101.984292,503.334270320412,4.93540976212702,64.7653335272982,14.2927641643455,154.682423029883,58.0205194408088
37,180,4,SAT-1,Satellite,657763.954449572,158.288948647728,10.6862385465002,36.6809706059632,188.391482363219,1.71198198276495,64.6261462336878,10.6862385465002,158.288948647728,6.22379376914589
37,180,5,SAT-1,Satellite,675709.016125352,154.507648371305,14.467538822923,48.5668475681652,188.391482363219,1.29300467154269,61.2535236400711,14.467538822923,154.507648371305,NaN
37,180,6,SAT-1,Satellite,665692.986035935,153.985129296181,14.9900578980469,50.24606329903,188.391482363219,1.2497926536854,63.066753815351,14.9900578980469,153.985129296181,NaN
38,185,1,BS2,Terrestrial,295.272687326099,89.9353922823836,69.4010681431923,50.992146,503.334270320412,4.93540976212702,67.8522595157817,8.45021146601198,160.524975728216,69.4010681431923
38,185,2,BS2,Terrestrial,144.900842099444,113.627988831009,45.7084715945672,50.992146,503.334270320412,4.93540976212702,67.8228720135299,14.7653429293863,154.209844264842,45.7084715945672
38,185,3,BS1,Terrestrial,158.603762337124,103.583672044452,55.7527883811243,101.984292,503.334270320412,4.93540976212702,67.8680392874567,13.4370012580527,155.538185936175,55.7527883811243
38,185,4,SAT-1,Satellite,643785.837257154,155.880169146898,13.0950180473305,44.1913240846279,188.391482363219,1.4210291745837,67.7228969051619,13.0950180473305,155.880169146898,9.19568313831053
38,185,5,SAT-1,Satellite,660866.370156884,154.41610787533,14.5590793188985,48.8605492903765,188.391482363219,1.28523239504612,64.0005324276735,14.5590793188985,154.41610787533,NaN
38,185,6,SAT-1,Satellite,650852.04326437,155.856745244825,13.1184419494032,44.2655088142169,188.391482363219,1.41864766654553,66.0943929631004,13.1184419494032,155.856745244825,NaN
39,190,1,BS2,Terrestrial,295.272687326099,90.5536552923574,68.7828051332184,50.992146,503.334270320412,4.93540976212702,71.0761322432822,16.1376558116031,152.837531382625,68.7828051332184
39,190,2,BS2,Terrestrial,144.900842099444,115.718814232711,43.6176461928646,50.992146,503.334270320412,4.93540976212702,71.0456006435261,14.5589915904816,154.416195603747,43.6176461928646
39,190,3,BS1,Terrestrial,158.603762337124,100.498545321081,58.8379151044945,101.984292,503.334270320412,4.93540976212702,71.0925364619418,9.34250683726899,159.632680356959,58.8379151044945
39,190,4,SAT-1,Satellite,631572.029673784,154.241718412057,14.7334687821711,49.4206426680485,188.391482363219,1.27066661616562,70.941841541096,14.7334687821711,154.241718412057,5.73571625033307
39,190,5,SAT-1,Satellite,647730.87025486,155.091698101576,13.8834890926522,46.6981729611339,188.391482363219,1.34474556081679,66.7952806079536,13.8834890926522,155.091698101576,NaN
39,190,6,SAT-1,Satellite,637717.248323011,160.092656492707,8.88253070152132,31.2619807378122,188.391482363219,2.00873902758774,69.2478474750131,8.88253070152132,160.092656492707,NaN
40,195,1,BS2,Terrestrial,295.272687326099,91.469163762935,67.8672966626409,50.992146,503.334270320412,4.93540976212702,74.4109467250727,14.927452643068,154.04773455116,67.8672966626409
40,195,2,BS2,Terrestrial,144.900842099444,113.370726729404,45.9657336961715,50.992146,503.334270320412,4.93540976212702,74.3793840385578,9.90137911829981,159.073808075928,45.9657336961715
40,195,3,BS1,Terrestrial,158.603762337124,114.964804780653,44.3716556449231,101.984292,503.334270320412,4.93540976212702,74.4279133948811,15.2225241931487,153.752663001079,44.3716556449231
40,195,4,SAT-1,Satellite,621227.195942537,158.845252999758,10.1299341944704,34.9872382525911,188.391482363219,1.79485903786901,74.2722287409812,10.1299341944704,158.845252999758,7.51223113466133
40,195,5,SAT-1,Satellite,636408.87001665,157.871556682506,11.1036305117217,37.9631421436255,188.391482363219,1.65416130598884,69.5935726975851,11.1036305117217,157.871556682506,NaN
40,195,6,SAT-1,Satellite,626396.576522533,154.852300723073,14.1228864711551,47.4630041446876,188.391482363219,1.32307598137503,72.5178803438763,14.1228864711551,154.852300723073,NaN
41,200,1,BS2,Terrestrial,295.272687326099,89.4490644718294,69.8873959537465,50.992146,503.334270320412,4.93540976212702,77.8423013657356,13.6437156336597,155.331471560568,69.8873959537465
41,200,2,BS2,Terrestrial,144.900842099444,116.959174674364,42.3772857512122,50.992146,503.334270320412,4.93540976212702,77.8098531815043,12.6614298715605,156.313757322668,42.3772857512122
41,200,3,BS1,Terrestrial,158.603762337124,101.660714591218,57.6757458343581,101.984292,503.334270320412,4.93540976212702,77.8597490065272,15.2677017303559,153.707485463872,57.6757458343581
41,200,4,SAT-1,Satellite,612846.487720304,154.668944811442,14.306242382786,48.0498607989369,188.391482363219,1.30691660170489,77.6997966690965,14.306242382786,154.668944811442,3.47117477301984
41,200,5,SAT-1,Satellite,626999.166501986,157.205710151482,11.769477042746,40.0266739812175,188.391482363219,1.56888281092771,72.3248290546715,11.769477042746,157.205710151482,NaN
41,200,6,SAT-1,Satellite,616990.441714144,155.111641092854,13.8635461013742,46.6345322353159,188.391482363219,1.34658069412742,75.8915005661878,13.8635461013742,155.111641092854,NaN
42,205,1,BS2,Terrestrial,295.272687326099,91.3591420194286,67.9773184061472,50.992146,503.334270320412,4.93540976212702,81.3524101442869,15.7689401592432,153.206247034985,67.9773184061472
42,205,2,BS2,Terrestrial,144.900842099444,111.639449810625,47.697010614951,50.992146,503.334270320412,4.93540976212702,81.3192514699484,12.889720597847,156.085466596381,47.697010614951
42,205,3,BS1,Terrestrial,158.603762337124,101.33526772102,58.0011927045556,101.984292,503.334270320412,4.93540976212702,81.37023651174,9.92145250784907,159.053734686379,58.0011927045556
42,205,4,SAT-1,Satellite,606511.733531716,155.840652147979,13.1345350462491,44.3164872880507,188.391482363219,1.4170157571282,81.20688168214,13.1345350462491,155.840652147979,10.4825393852482
42,205,5,SAT-1,Satellite,619589.345326688,154.014432145961,14.9607550482667,50.151721632102,188.391482363219,1.25214367012962,74.8741740661865,14.9607550482667,154.014432145961,NaN
42,205,6,SAT-1,Satellite,609587.929380792,154.519569473222,14.4556177210064,48.528615118148,188.391482363219,1.29402334344084,79.3514756120743,14.4556177210064,154.519569473222,NaN
43,210,1,BS2,Terrestrial,295.272687326099,89.6848738974999,69.6515865280759,50.992146,503.334270320412,4.93540976212702,84.9204883577631,14.9110186595796,154.064168534649,69.6515865280759
43,210,2,BS2,Terrestrial,144.900842099444,112.833491440717,46.5029689848591,50.992146,503.334270320412,4.93540976212702,84.8868142007241,15.7017199660616,153.273467228167,46.5029689848591
43,210,3,BS1,Terrestrial,158.603762337124,114.671181535886,44.6652788896898,101.984292,503.334270320412,4.93540976212702,84.9385621134378,14.0378480521497,154.937339142078,44.6652788896898
43,210,4,SAT-1,Satellite,602287.796764867,157.915891416065,11.0592957781633,37.826516292541,188.391482363219,1.66013598244368,84.7727660759499,11.0592957781633,157.915891416065,-0.530365821175565
43,210,5,SAT-1,Satellite,614252.140737689,154.994020674027,13.9811665202014,47.0100394995851,188.391482363219,1.33582446337434,77.0542041603271,13.9811665202014,154.994020674027,NaN
43,210,6,SAT-1,Satellite,604263.035036145,158.555304939555,10.4198822546731,35.867760845421,188.391482363219,1.75079679655432,82.8746450992405,10.4198822546731,158.555304939555,NaN
44,215,1,BS2,Terrestrial,295.272687326099,90.1554852614071,69.1809751641688,50.992146,503.334270320412,4.93540976212702,88.5233951088155,14.8610403935041,154.114146800724,69.1809751641688
44,215,2,BS2,Terrestrial,144.900842099444,124.736705164346,34.5997552612304,50.992146,503.334270320412,4.93540976212702,88.4893518307676,13.7258409223941,155.249346271834,34.5997552612304
44,215,3,BS1,Terrestrial,158.603762337124,110.055271354128,49.2811890714476,101.984292,503.334270320412,4.93540976212702,88.5414149464148,8.86651344822386,160.108673746004,49.2811890714476
44,215,4,SAT-1,Satellite,600219.443545384,157.303500266357,11.6716869278712,39.722303319597,188.391482363219,1.58090431671314,88.3739254936394,11.6716869278712,157.303500266357,3.09420591998563
44,215,5,SAT-1,Satellite,611042.120155085,155.63847019295,13.3367170012784,44.9576800132785,188.391482363219,1.39680608005555,78.5811987726095,13.3367170012784,155.63847019295,NaN
44,215,6,SAT-1,Satellite,601071.232173575,153.358478397147,15.6167087970809,52.26807638669,188.391482363219,1.20144388561678,86.4189521441285,15.6167087970809,153.358478397147,NaN
45,220,1,BS2,Terrestrial,295.272687326099,90.0743813179263,69.2620791076495,50.992146,503.334270320412,4.93540976212702,87.8634120524775,13.8440676107691,155.131119583459,69.2620791076495
45,220,2,BS2,Terrestrial,144.900842099444,128.540518621766,30.7959418038102,50.992146,503.334270320412,4.93540976212702,87.8972670341615,13.3648371647336,155.610350029495,30.7959418038102
45,220,3,BS1,Terrestrial,158.603762337124,102.67856898028,56.6578914452964,101.984292,503.334270320412,4.93540976212702,87.8448451579823,11.523355598439,157.451831595789,56.6578914452964
45,220,4,SAT-1,Satellite,600329.052486219,157.628539238912,11.3466479553159,38.7138071692663,188.391482363219,1.62208693433779,88.0112085462623,11.3466479553159,157.628539238912,8.66083614861915
45,220,5,SAT-1,Satellite,609993.019044937,155.595013756873,13.3801734373551,45.0956710945088,188.391482363219,1.39253190524947,79.1296700925523,13.3801734373551,155.595013756873,NaN
45,220,6,SAT-1,Satellite,600046.712616293,157.348976738397,11.6262104558307,39.5809064273496,188.391482363219,1.58655186189339,89.240190294947,11.6262104558307,157.348976738397,NaN
46,225,1,BS2,Terrestrial,295.272687326099,87.5388992574032,71.7975611681727,50.992146,503.334270320412,4.93540976212702,84.265060466717,13.7270573344126,155.248129859816,71.7975611681727
46,225,2,BS2,Terrestrial,144.900842099444,108.848495345405,50.4879650801708,50.992146,503.334270320412,4.93540976212702,84.298782585533,15.6882056764181,153.28698151781,50.4879650801708
46,225,3,BS1,Terrestrial,158.603762337124,101.404321198937,57.9321392266392,101.984292,503.334270320412,4.93540976212702,84.2467129053495,13.9903112091488,154.984875985079,57.9321392266392
46,225,4,SAT-1,Satellite,602615.429989826,152.906132106776,16.0690550874524,53.7325799764905,188.391482363219,1.16869803786111,84.4123985104516,16.0690550874524,152.906132106776,13.5465365776953
46,225,5,SAT-1,Satellite,611116.015960592,152.477755942041,16.4974312521869,55.1228842299539,188.391482363219,1.13922124476961,78.54360931298,16.4974312521869,152.477755942041,NaN
46,225,6,SAT-1,Satellite,601200.604770706,156.553402929016,12.421784265212,42.0675226411882,188.391482363219,1.492770594631,86.2094777350109,12.421784265212,156.553402929016,NaN
47,230,1,BS2,Terrestrial,295.272687326099,87.7446629513763,71.5917974741996,50.992146,503.334270320412,4.93540976212702,80.7059079607769,12.3154433965148,156.659743797713,71.5917974741996
47,230,2,BS2,Terrestrial,144.900842099444,110.129359511634,49.2071009139415,50.992146,503.334270320412,4.93540976212702,80.7392250016146,14.2267772600158,154.748409934212,49.2071009139415
47,230,3,BS1,Terrestrial,158.603762337124,94.1500819156093,65.1863785099666,101.984292,503.334270320412,4.93540976212702,80.6878025612221,13.1612747052116,155.813912489017,65.1863785099666
47,230,4,SAT-1,Satellite,607053.874109158,155.952735955775,13.0224512384534,43.9616202956349,188.391482363219,1.42845419175723,80.8514094113472,13.0224512384534,155.952735955775,4.42181220534468
47,230,5,SAT-1,Satellite,614399.147829565,156.337598131953,12.6375890622748,42.7464863363169,188.391482363219,1.4690601771025,76.9888413182385,12.6375890622748,156.337598131953,NaN
47,230,6,SAT-1,Satellite,604520.380320013,153.146158454441,15.8290287397872,52.9549946885357,188.391482363219,1.18585907065221,82.6640143488558,15.8290287397872,153.146158454441,NaN
48,235,1,BS2,Terrestrial,295.272687326099,91.4125133431422,67.9239470824337,50.992146,503.334270320412,4.93540976212702,77.2087215565252,13.0825798953271,155.892607298901,67.9239470824337
48,235,2,BS2,Terrestrial,144.900842099444,112.026296456826,47.3101639687502,50.992146,503.334270320412,4.93540976212702,77.2414194005765,13.2595319017001,155.715655292528,47.3101639687502
48,235,3,BS1,Terrestrial,158.603762337124,99.4655863292197,59.8708740963562,101.984292,503.334270320412,4.93540976212702,77.1909541316585,13.5539969081797,155.421190286048,59.8708740963562
48,235,4,SAT-1,Satellite,613597.47914643,153.451956001612,15.5232311926166,51.9659301980895,188.391482363219,1.20842945653743,77.3514260945972,15.5232311926166,153.451956001612,12.4812695976731
48,235,5,SAT-1,Satellite,619807.935456122,152.918064004734,16.0571231894942,53.6939006388064,188.391482363219,1.16953992987341,74.7921211686015,16.0571231894942,152.918064004734,NaN
48,235,6,SAT-1,Satellite,609970.521698983,154.217770031598,14.7574171626297,49.4976164019335,188.391482363219,1.26869060275166,79.1437715668434,14.7574171626297,154.217770031598,NaN
49,240,1,BS2,Terrestrial,295.272687326099,90.5449406725486,68.7915197530272,50.992146,503.334270320412,4.93540976212702,73.7937788703698,15.7670973503892,153.208089843839,68.7915197530272
49,240,2,BS2,Terrestrial,144.900842099444,126.532544760504,32.803915665072,50.992146,503.334270320412,4.93540976212702,73.8256740833242,10.4494609875192,158.525726206709,32.803915665072
49,240,3,BS1,Terrestrial,158.603762337124,104.361371568272,54.975088857304,101.984292,503.334270320412,4.93540976212702,73.7764423002667,7.4711931840105,161.503994010218,54.975088857304
49,240,4,SAT-1,Satellite,622179.524020214,154.854809173036,14.120378021192,47.4549818086408,188.391482363219,1.32329964935958,73.9328805327344,14.120378021192,154.854809173036,1.68320260090664
49,240,5,SAT-1,Satellite,627287.144428462,157.911417497716,11.063769696512,37.8402989354672,188.391482363219,1.65953130800668,72.2340032858148,11.063769696512,157.911417497716,NaN
49,240,6,SAT-1,Satellite,617494.369043345,155.280434908493,13.6947522857355,46.0963555315908,188.391482363219,1.36230207493743,75.6883578182272,13.6947522857355,155.280434908493,NaN
50,245,1,BS2,Terrestrial,295.272687326099,86.005198510726,73.3312619148498,50.992146,503.334270320412,4.93540976212702,70.4782682322344,13.0421862321759,155.933000962052,73.3312619148498
50,245,2,BS2,Terrestrial,144.900842099444,121.65534834728,37.6811120782962,50.992146,503.334270320412,4.93540976212702,70.5092091598294,13.2418777717503,155.733309422478,37.6811120782962
50,245,3,BS1,Terrestrial,158.603762337124,105.300543788254,54.0359166373221,101.984292,503.334270320412,4.93540976212702,70.4614421989566,12.8149336332655,156.160253560963,54.0359166373221
50,245,4,SAT-1,Satellite,632716.671250776,153.477833190484,15.4973540037443,51.882318947696,188.391482363219,1.21037690799918,70.6131064412163,15.4973540037443,153.477833190484,6.07566739598306
50,245,5,SAT-1,Satellite,636763.477517333,153.41740708204,15.5577801121885,52.0775816637613,188.391482363219,1.2058386503657,69.4988934759812,15.5577801121885,153.41740708204,NaN
50,245,6,SAT-1,Satellite,627016.92900552,154.039705011867,14.9354821823615,50.0703704585611,188.391482363219,1.25417807403105,72.3204587642229,14.9354821823615,154.039705011867,NaN
51,250,1,BS2,Terrestrial,295.272687326099,87.7491808176294,71.5872796079465,33.994764,503.334270320412,4.93540976212702,67.2759519640039,12.0545917548909,156.920595439337,71.5872796079465
51,250,2,BS2,Terrestrial,144.900842099444,111.870010487104,47.466449938472,33.994764,503.334270320412,4.93540976212702,67.3058200430184,9.3268824479656,159.648304746263,47.466449938472
51,250,3,BS1,Terrestrial,158.603762337124,106.080722589813,53.255737835763,101.984292,503.334270320412,4.93540976212702,67.2596998649483,12.2184287801776,156.756758414051,53.255737835763
51,250,4,BS2,Terrestrial,1289.96390375941,143.630035342621,15.7064250829548,32.1656357478125,503.334270320412,5.21606634553195,67.4060137824831,13.5629090367482,155.41227815748,15.7064250829548
51,250,5,SAT-1,Satellite,648148.906585032,156.985714143756,11.989473050472,61.0694406543897,188.391482363219,1.54243661268639,66.6997496250778,11.989473050472,156.985714143756,NaN
51,250,6,SAT-1,Satellite,638448.336044885,155.497094170657,13.4780930235708,68.1102378670098,188.391482363219,1.38298946137192,69.057031245385,13.4780930235708,155.497094170657,NaN
52,255,1,BS2,Terrestrial,295.272687326099,89.1111889598573,70.2252714657186,33.994764,503.334270320412,4.93540976212702,64.1970872255874,12.9610705903987,156.014116603829,70.2252714657186
52,255,2,BS2,Terrestrial,144.900842099444,123.542797477913,35.7936629476626,33.994764,503.334270320412,4.93540976212702,64.2257965718,14.3687141168202,154.606473077408,35.7936629476626
52,255,3,BS1,Terrestrial,158.603762337124,101.912274803014,57.4241856225619,101.984292,503.334270320412,4.93540976212702,64.181455551866,13.0546286510109,155.920558543217,57.4241856225619
52,255,4,BS2,Terrestrial,1289.96390375941,150.39398209942,8.94247832615554,19.240333577309,503.334270320412,8.72012376670392,64.3220041502793,8.22619394130746,160.748993252921,8.94247832615554
52,255,5,SAT-1,Satellite,661344.317884321,155.781373052977,13.193814141251,66.7565134959643,188.391482363219,1.411034463136,63.9060140704214,13.193814141251,155.781373052977,NaN
52,255,6,SAT-1,Satellite,651687.62297571,157.306124473365,11.6690627208627,59.5712122167618,188.391482363219,1.58122921586452,65.9108325277793,11.6690627208627,157.306124473365,NaN
53,260,1,BS2,Terrestrial,295.272687326099,90.2331536081921,69.1033068173838,50.992146,503.334270320412,4.93540976212702,61.2485655162362,10.2523734776258,158.722813716602,69.1033068173838
53,260,2,BS2,Terrestrial,144.900842099444,109.871739748192,49.4647206773843,50.992146,503.334270320412,4.93540976212702,61.2760608429826,12.1288501106403,156.846337083588,49.4647206773843
53,260,3,BS1,Terrestrial,158.603762337124,98.2272926264579,61.109167799118,101.984292,503.334270320412,4.93540976212702,61.2335846014815,14.2856561247063,154.689531069522,61.109167799118
53,260,4,SAT-1,Satellite,675053.917826102,155.732777641852,13.2424095523762,44.6584284259196,188.391482363219,1.4061659355503,61.3681036059478,13.2424095523762,155.732777641852,12.5264665803232
53,260,5,SAT-1,Satellite,676243.16260964,159.804267079843,9.17092011438538,32.1134396889763,188.391482363219,1.95547912014222,61.1611946338144,9.17092011438538,159.804267079843,NaN
53,260,6,SAT-1,Satellite,666626.479133397,156.417047282818,12.5581399114103,42.496316745083,188.391482363219,1.47770831915699,62.8908877981136,12.5581399114103,156.417047282818,NaN
54,265,1,BS2,Terrestrial,295.272687326099,88.8812922759787,70.4551681495972,50.992146,503.334270320412,4.93540976212702,58.4342146088332,12.3435973435068,156.631589850721,70.4551681495972
54,265,2,BS2,Terrestrial,144.900842099444,111.015572088274,48.3208883373016,50.992146,503.334270320412,4.93540976212702,58.4604679262878,12.0835576793379,156.89162951489,48.3208883373016
54,265,3,BS1,Terrestrial,158.603762337124,104.060572714294,55.275887711282,101.984292,503.334270320412,4.93540976212702,58.4199002182696,12.5507068776066,156.424480316622,55.275887711282
54,265,4,SAT-1,Satellite,692375.23303766,158.991007714684,9.98417947954454,34.5465471676344,188.391482363219,1.81775505618611,58.5482595496961,9.98417947954454,158.991007714684,8.86766296042887
54,265,5,SAT-1,Satellite,692734.861314452,156.52344237548,12.4517448187485,42.1616770853366,188.391482363219,1.48943697520941,58.49277404603,12.4517448187485,156.52344237548,NaN
54,265,6,SAT-1,Satellite,683152.736609659,153.192026062767,15.7831611314614,52.8065254706361,188.391482363219,1.18919319587991,60.0028570919963,15.7831611314614,153.192026062767,NaN
55,270,1,BS2,Terrestrial,295.272687326099,92.0407306408517,67.2957297847242,50.992146,503.334270320412,4.93540976212702,55.755202313306,11.6937703652123,157.281416829016,67.2957297847242
55,270,2,BS2,Terrestrial,144.900842099444,130.783104221596,28.5533562039799,50.992146,503.334270320412,4.93540976212702,55.7802089258721,14.7196428450067,154.255544349221,28.5533562039799
55,270,3,BS1,Terrestrial,158.603762337124,108.067581514258,51.2688789113175,101.984292,503.334270320412,4.93540976212702,55.7415576962091,12.2873674690536,156.687819725174,51.2688789113175
55,270,4,SAT-1,Satellite,711113.427787606,155.874373709002,13.1008134852259,44.2096768037383,188.391482363219,1.42043926415742,55.8637415664809,13.1008134852259,155.874373709002,7.71654322636209
55,270,5,SAT-1,Satellite,710707.787649215,154.995693897252,13.9794932969758,47.0046949101552,188.391482363219,1.33597635103834,55.9178363265242,13.9794932969758,154.995693897252,NaN
55,270,6,SAT-1,Satellite,701153.407305994,157.841362010088,11.1338251841399,38.0562502699912,188.391482363219,1.65011424778382,57.2494481926433,11.1338251841399,157.841362010088,NaN
56,275,1,BS2,Terrestrial,295.272687326099,88.8829968896723,70.4534635359036,33.994764,503.334270320412,4.93540976212702,53.2104868622934,10.5060802722554,158.469106921973,70.4534635359036
56,275,2,BS2,Terrestrial,144.900842099444,113.261780802665,46.0746796229105,33.994764,503.334270320412,4.93540976212702,53.2342611250424,15.0422213911464,153.932965803082,46.0746796229105
56,275,3,BS1,Terrestrial,158.603762337124,103.760690636206,55.5757697893697,101.984292,503.334270320412,4.93540976212702,53.1975049795896,14.6812828403121,154.293904353916,55.5757697893697
56,275,4,BS2,Terrestrial,1289.96390375941,146.634186622807,12.7022738027685,26.285608458903,503.334270320412,6.38288782126241,53.313590863478,8.27020937999623,160.704977814232,12.7022738027685
56,275,5,SAT-1,Satellite,730051.736011871,161.014160346316,7.96102684791197,42.8792801605339,188.391482363219,2.19676591652084,53.4464249470958,7.96102684791197,161.014160346316,NaN
56,275,6,SAT-1,Satellite,720517.177088014,159.710039178019,9.26514801620925,48.5894815450322,188.391482363219,1.938603545179,54.6308732666529,9.26514801620925,159.710039178019,NaN
57,280,1,BS2,Terrestrial,295.272687326099,89.9863154994443,69.3501449261315,50.992146,503.334270320412,4.93540976212702,50.7972697926156,13.3882080374062,155.586979156822,69.3501449261315
57,280,2,BS2,Terrestrial,144.900842099444,113.588943742413,45.7475166831629,50.992146,503.334270320412,4.93540976212702,50.8198409807337,7.10940651730763,161.86578067692,45.7475166831629
57,280,3,BS1,Terrestrial,158.603762337124,97.8267420381922,61.5097183873837,101.984292,503.334270320412,4.93540976212702,50.7849355100562,11.6423961505468,157.332791043681,61.5097183873837
57,280,4,SAT-1,Satellite,752405.754119813,159.816037235266,9.15914995896253,32.0785666346053,188.391482363219,1.95760494859506,50.8950737268515,9.15914995896253,159.816037235266,3.29095312262183
57,280,5,SAT-1,Satellite,750659.846264329,158.867946117872,10.1072410763557,34.9185382951582,188.391482363219,1.79839030651655,51.0836770759517,10.1072410763557,158.867946117872,NaN
57,280,6,SAT-1,Satellite,741136.334681703,156.650111367916,12.3250758263126,41.7638464620725,188.391482363219,1.50362493178803,52.1453176262825,12.3250758263126,156.650111367916,NaN
58,285,1,BS2,Terrestrial,295.272687326099,91.4254141065476,67.9110463190283,50.992146,503.334270320412,4.93540976212702,48.5114202087906,12.717521052997,156.257666141231,67.9110463190283
58,285,2,BS2,Terrestrial,144.900842099444,116.096201572979,43.2402588525973,50.992146,503.334270320412,4.93540976212702,48.5328287367709,12.0870396233197,156.888147570908,43.2402588525973
58,285,3,BS1,Terrestrial,158.603762337124,103.638803486034,55.6976569395419,101.984292,503.334270320412,4.93540976212702,48.4997123180019,1.11158949794324,167.863597696285,55.6976569395419
58,285,4,SAT-1,Satellite,774754.691107723,155.451023495571,13.5241636986574,45.5533264194389,188.391482363219,1.37854171635076,48.6041073787276,13.5241636986574,155.451023495571,7.11258385303753
58,285,5,SAT-1,Satellite,772430.009979947,162.974940125943,6.00024706828466,23.1652177706974,188.391482363219,2.71083835297133,48.8312625528177,6.00024706828466,162.974940125943,NaN
58,285,6,SAT-1,Satellite,762908.165484741,157.35963015884,11.6155570353883,39.5477962099585,188.391482363219,1.58788015530248,49.789389589279,11.6155570353883,157.35963015884,NaN
59,290,1,BS2,Terrestrial,295.272687326099,93.662107888762,65.6743525368139,50.992146,503.334270320412,4.93540976212702,46.3478515790572,11.4246054882652,157.550581705963,65.6743525368139
59,290,2,BS2,Terrestrial,144.900842099444,108.860248504975,50.4762119206013,50.992146,503.334270320412,4.93540976212702,46.3681457016783,8.89535946466077,160.079827729567,50.4762119206013
59,290,3,BS1,Terrestrial,158.603762337124,107.168361141641,52.1680992839346,101.984292,503.334270320412,4.93540976212702,46.336744569266,5.9542083583288,163.020978835899,52.1680992839346
59,290,4,SAT-1,Satellite,798111.963399446,158.052474818383,10.9227123758448,37.4062494306362,188.391482363219,1.67878794970308,46.435638929886,10.9227123758448,158.052474818383,0.922964227425581
59,290,5,SAT-1,Satellite,795265.815444101,153.458369489752,15.516817704476,51.9452064397144,188.391482363219,1.20891156454676,46.6884002329842,15.516817704476,153.458369489752,NaN
59,290,6,SAT-1,Satellite,785735.873224267,157.976852040894,10.9983351533346,37.638820217837,188.391482363219,1.668414695899,47.5585290997812,10.9983351533346,157.976852040894,NaN
60,295,1,BS2,Terrestrial,295.272687326099,91.3095186067537,68.0269418188221,33.994764,503.334270320412,4.93540976212702,44.3008422569563,-7.02109419246679,175.996281386695,68.0269418188221
60,295,2,BS2,Terrestrial,144.900842099444,111.426970745941,47.9094896796344,33.994764,503.334270320412,4.93540976212702,44.3200753022039,10.8822406106292,158.092946583599,47.9094896796344
60,295,3,BS1,Terrestrial,158.603762337124,108.914940414921,50.4215200106547,101.984292,503.334270320412,4.93540976212702,44.2903078064877,14.4189315630697,154.556255631158,50.4215200106547
60,295,4,BS2,Terrestrial,1289.96390375941,143.113284718441,16.2231757071351,33.1902392258923,503.334270320412,5.05504310965971,44.3839682649829,10.9450108634605,158.030176330768,16.2231757071351
60,295,5,SAT-1,Satellite,819077.105075604,154.559458585807,14.4157286084212,72.6010683795278,188.391482363219,1.2974429066139,44.6525985403409,14.4157286084212,154.559458585807,NaN
60,295,6,SAT-1,Satellite,809529.108083441,159.491280367406,9.48390682682239,49.566667669943,188.391482363219,1.90038478698718,45.4473624588398,9.48390682682239,159.491280367406,NaN
61,300,1,BS2,Terrestrial,295.272687326099,92.2723183345253,67.0641420910506,33.994764,503.334270320412,4.93540976212702,42.3642982545729,10.4382042981417,158.536982896086,67.0641420910506
61,300,2,BS2,Terrestrial,144.900842099444,116.327950441078,43.0085099844978,33.994764,503.334270320412,4.93540976212702,42.3825263814908,7.88803423415129,161.087152960077,43.0085099844978
61,300,3,BS1,Terrestrial,158.603762337124,101.347463503255,57.9889969223204,101.984292,503.334270320412,4.93540976212702,42.3543064433262,8.70259098968427,160.272596204544,57.9889969223204
61,300,4,BS2,Terrestrial,1289.96390375941,149.210892827982,10.1255675975936,21.404098143051,503.334270320412,7.83859656153159,42.4430131381553,10.0930835847516,158.882103609477,10.1255675975936
61,300,5,SAT-1,Satellite,843780.222983209,155.290855942925,13.6843312513034,69.0947357885896,188.391482363219,1.36328390443263,42.7202044539464,13.6843312513034,155.290855942925,NaN
61,300,6,SAT-1,Satellite,834204.182871565,160.635282363849,8.33990483037877,44.5164862236052,188.391482363219,2.11597430912373,43.4499986221594,8.33990483037877,160.635282363849,NaN
62,305,1,BS2,Terrestrial,295.272687326099,91.8295574684422,67.5069029571336,50.992146,503.334270320412,4.93540976212702,40.5319615669201,8.14621010104193,160.828977093186,67.5069029571336
62,305,2,BS2,Terrestrial,144.900842099444,126.524942341954,32.811518083622,50.992146,503.334270320412,4.93540976212702,40.5492420060832,10.3962160288374,158.578971165391,32.811518083622
62,305,3,BS1,Terrestrial,158.603762337124,119.803557979988,39.5329024455878,101.984292,503.334270320412,4.93540976212702,40.5224818308887,3.50153603024685,165.473651163981,39.5329024455878
62,305,4,SAT-1,Satellite,873397.464094856,157.074250896743,11.9009362974847,40.4365121559372,188.391482363219,1.55298163564582,40.6065196259743,11.9009362974847,157.074250896743,1.05338849661274
62,305,5,SAT-1,Satellite,869298.026184715,162.527957543859,6.44722965036863,24.3639869935337,188.391482363219,2.57745831190955,40.886813048626,6.44722965036863,162.527957543859,NaN
62,305,6,SAT-1,Satellite,859684.053491209,158.964958593158,10.01022860107,34.6252091977698,188.391482363219,1.81362545505672,41.5602683325651,10.01022860107,158.964958593158,NaN
63,310,1,BS2,Terrestrial,295.272687326099,90.4505666204882,68.8858938050877,50.992146,503.334270320412,4.93540976212702,38.7975700281546,8.62986851703494,160.345318677193,68.8858938050877
63,310,2,BS2,Terrestrial,144.900842099444,114.88879763818,44.4476627873958,50.992146,503.334270320412,4.93540976212702,38.8139597442295,12.2662572653646,156.708929928864,44.4476627873958
63,310,3,BS1,Terrestrial,158.603762337124,107.929957529844,51.4065028957317,101.984292,503.334270320412,4.93540976212702,38.7885718874564,10.3823450439255,158.592842150303,51.4065028957317
63,310,4,SAT-1,Satellite,899984.591788495,162.761425798637,6.21376139559135,23.7348786632615,188.391482363219,2.64577551369333,38.8682238405307,6.21376139559135,162.761425798637,5.2615362841963
63,310,5,SAT-1,Satellite,895559.724193233,160.38479419093,8.59039300329832,30.4060353263443,188.391482363219,2.06528605632879,39.1475724267555,8.59039300329832,160.38479419093,NaN
63,310,6,SAT-1,Satellite,885898.130131939,156.898078288324,12.0771089059044,40.9869261238329,188.391482363219,1.53212662491478,39.7719109686753,12.0771089059044,156.898078288324,NaN
64,315,1,BS2,Terrestrial,295.272687326099,92.6712648817815,66.6651955437944,33.994764,503.334270320412,4.93540976212702,37.1549758256971,3.52113219474364,165.454054999484,66.6651955437944
64,315,2,BS2,Terrestrial,144.900842099444,106.607252674835,52.7292077507407,33.994764,503.334270320412,4.93540976212702,37.1705305353644,9.4646087175409,159.510578476687,52.7292077507407
64,315,3,BS1,Terrestrial,158.603762337124,99.5050731877411,59.8313872378348,101.984292,503.334270320412,4.93540976212702,37.1464294213243,8.11809932812463,160.857087866103,59.8313872378348
64,315,4,BS2,Terrestrial,1289.96390375941,148.870814144958,10.4656462806184,22.0364025864812,503.334270320412,7.61367875034791,37.2219720033146,7.46070502786421,161.514482166364,10.4656462806184
64,315,5,SAT-1,Satellite,922500.600916447,160.2512017078,8.72398548642821,46.1949141386655,188.391482363219,2.03909332743552,37.4974088982873,8.72398548642821,160.2512017078,NaN
64,315,6,SAT-1,Satellite,912781.974069224,159.192032355237,9.7831548389907,50.9114469195476,188.391482363219,1.85018786306469,38.0787158429942,9.7831548389907,159.192032355237,NaN
65,320,1,BS2,Terrestrial,295.272687326099,93.7999452688095,65.5365151567664,33.994764,503.334270320412,4.93540976212702,35.5982299209111,11.7972299849735,157.177957209255,65.5365151567664
65,320,2,BS2,Terrestrial,144.900842099444,117.582341453379,41.7541189721969,33.994764,503.334270320412,4.93540976212702,35.6130034009229,7.06652940897629,161.908657785252,41.7541189721969
65,320,3,BS1,Terrestrial,158.603762337124,97.8682869859883,61.4681734395875,101.984292,503.334270320412,4.93540976212702,35.590106394881,10.1394105264442,158.835776667784,61.4681734395875
65,320,4,BS2,Terrestrial,1289.96390375941,144.851336410973,14.485124014603,29.7574302640336,503.334270320412,5.63819149093629,35.6618061365485,8.67985663698914,160.295330557239,14.485124014603
65,320,5,SAT-1,Satellite,950061.661917996,164.959937584457,4.0152496097711,27.2380700524294,188.391482363219,3.45823845082622,35.93119098873,4.0152496097711,164.959937584457,NaN
65,320,6,SAT-1,Satellite,940276.923475789,163.121163838575,5.85402335565348,34.1674614739392,188.391482363219,2.75688438994673,36.4746252769385,5.85402335565348,163.121163838575,NaN
66,325,1,BS2,Terrestrial,295.272687326099,93.0111480071988,66.325312418377,33.994764,503.334270320412,4.93540976212702,34.1216391365851,7.76389183459364,161.211295359634,66.325312418377
66,325,2,BS2,Terrestrial,144.900842099444,114.168707564371,45.1677528612047,33.994764,503.334270320412,4.93540976212702,34.1356827625901,8.69793499477225,160.277252199456,45.1677528612047
66,325,3,BS1,Terrestrial,158.603762337124,110.260519078521,49.0759413470544,101.984292,503.334270320412,4.93540976212702,34.1139108872157,3.36150564187315,165.613681552355,49.0759413470544
66,325,4,BS2,Terrestrial,1289.96390375941,144.209477838672,15.1269825869035,31.0205387905507,503.334270320412,5.40861302376577,34.182022159019,0.709998271653319,168.265188922575,15.1269825869035
66,325,5,SAT-1,Satellite,978189.240103454,150.75672230761,18.2184648866181,83.3205,188.391482363219,1.1305229947205,34.4438465543123,18.2184648866181,150.75672230761,NaN
66,325,6,SAT-1,Satellite,968329.681283192,163.722202409808,5.25298478442048,31.8249660536299,188.391482363219,2.95980649352069,34.9538065682855,5.25298478442048,163.722202409808,NaN
67,330,1,BS2,Terrestrial,295.272687326099,90.7580640365044,68.5783963890715,33.994764,503.334270320412,4.93540976212702,32.7198018716529,13.3477439157626,155.627443278466,68.5783963890715
67,330,2,BS2,Terrestrial,144.900842099444,111.066518111859,48.2699423137168,33.994764,503.334270320412,4.93540976212702,32.7331643362897,1.7655323090224,167.209654885206,48.2699423137168
67,330,3,BS1,Terrestrial,158.603762337124,103.321870625183,56.014589800393,101.984292,503.334270320412,4.93540976212702,32.7124427115784,9.15668720947127,159.818499984757,56.014589800393
67,330,4,BS2,Terrestrial,1289.96390375941,147.310141379066,12.0263190465099,24.9868021211702,503.334270320412,6.71466837945833,32.7772063821943,10.2667332878482,158.70845390638,12.0263190465099
67,330,5,SAT-1,Satellite,1006834.58431742,165.260403679099,3.71478351512886,26.1767669514887,188.391482363219,3.59844824825673,33.030444126821,3.71478351512886,165.260403679099,NaN
67,330,6,SAT-1,Satellite,996891.889324355,162.663990322775,6.31119687145326,35.99497967542,188.391482363219,2.616913303772,33.5106992995495,6.31119687145326,162.663990322775,NaN
68,335,1,BS2,Terrestrial,295.272687326099,91.7552979231355,67.5811625024404,50.992146,503.334270320412,4.93540976212702,31.3876274926027,6.62389863108939,162.351288563139,67.5811625024404
68,335,2,BS2,Terrestrial,144.900842099444,118.346440229108,40.9900201964683,50.992146,503.334270320412,4.93540976212702,31.4003546597349,6.80789880591362,162.167288388314,40.9900201964683
68,335,3,BS1,Terrestrial,158.603762337124,105.69126835985,53.6451920657259,101.984292,503.334270320412,4.93540976212702,31.3806127327212,7.09583281140135,161.879354382827,53.6451920657259
68,335,4,SAT-1,Satellite,1041456.86072964,157.927370332618,11.0478168616101,37.7911583192757,188.391482363219,1.66168923051266,31.4422554933907,11.0478168616101,157.927370332618,5.70770950089667
68,335,5,SAT-1,Satellite,1035953.44831338,175.74663578149,-6.771448587262,2.75373855851348,188.391482363219,22.8043292612493,31.6862471857605,-6.771448587262,175.74663578149,NaN
68,335,6,SAT-1,Satellite,1025919.70584276,160.219213678299,8.75597351592955,30.8903429042001,188.391482363219,2.03290591439829,32.1400435619779,8.75597351592955,160.219213678299,NaN
69,340,1,BS2,Terrestrial,295.272687326099,91.3260274532405,68.0104329723354,33.994764,503.334270320412,4.93540976212702,30.1203435514578,4.8726461196627,164.102541074565,68.0104329723354
69,340,2,BS2,Terrestrial,144.900842099444,110.06779408217,49.2686663434062,33.994764,503.334270320412,4.93540976212702,30.1324784114033,1.94761463211037,167.027572562118,49.2686663434062
69,340,3,BS1,Terrestrial,158.603762337124,105.44580293173,53.890657493846,101.984292,503.334270320412,4.93540976212702,30.1136500297572,7.62134319566084,161.353843998567,53.890657493846
69,340,4,BS2,Terrestrial,1289.96390375941,145.861792881706,13.4746675438703,27.7823123076322,503.334270320412,6.03902541476769,30.1723842112828,4.31147703926112,164.663710154967,13.4746675438703
69,340,5,SAT-1,Satellite,1065505.69201368,171.927073788097,-2.95188659386875,8.87189564396108,188.391482363219,10.617318435855,30.4067481471803,-2.95188659386875,171.927073788097,NaN
69,340,6,SAT-1,Satellite,1055373.39786508,157.322128739207,11.6530584550206,59.4965574298979,188.391482363219,1.58321330259479,30.8368937497133,11.6530584550206,157.322128739207,NaN
70,345,1,BS2,Terrestrial,295.272687326099,91.2609342872415,68.0755261383344,33.994764,503.334270320412,4.93540976212702,28.9134941590698,4.07779373560567,164.897393458622,68.0755261383344
70,345,2,BS2,Terrestrial,144.900842099444,110.201510636668,49.1349497889078,33.994764,503.334270320412,4.93540976212702,28.9250768568099,7.53274165580862,161.442445538419,49.1349497889078
70,345,3,BS1,Terrestrial,158.603762337124,94.0941813447767,65.2422790807992,101.984292,503.334270320412,4.93540976212702,28.90710022947,7.46937581614878,161.505811378079,65.2422790807992
70,345,4,BS2,Terrestrial,1289.96390375941,149.583083573161,9.75337685241442,20.7171075350557,503.334270320412,8.09852870739339,28.9631239740447,8.60335687141881,160.371830322809,9.75337685241442
70,345,5,SAT-1,Satellite,1095454.90273607,171.270749629683,-2.29556243545483,10.0278550848371,188.391482363219,9.3934086985402,29.1876873425675,-2.29556243545483,171.270749629683,NaN
70,345,6,SAT-1,Satellite,1085216.95569616,168.146125576379,0.829061617849504,17.1639911721578,188.391482363219,5.48798587908894,29.5966217063739,0.829061617849504,168.146125576379,NaN
71,350,1,BS2,Terrestrial,295.272687326099,89.4822613906042,69.8541990349717,33.994764,503.334270320412,4.93540976212702,27.7629321297816,4.39418781775362,164.580999376474,69.8541990349717
71,350,2,BS2,Terrestrial,144.900842099444,125.626407171048,33.7100532545275,33.994764,503.334270320412,4.93540976212702,27.7740000442379,4.81867210129465,164.156515092933,33.7100532545275
71,350,3,BS1,Terrestrial,158.603762337124,112.533168305263,46.8032921203125,101.984292,503.334270320412,4.93540976212702,27.7568176228556,7.20165333792008,161.773533856308,46.8032921203125
71,350,4,BS2,Terrestrial,1289.96390375941,150.986096059897,8.35036436567856,18.1812755635424,503.334270320412,9.22807035845372,27.8103153031093,7.31708481565303,161.658102378575,8.35036436567856
71,350,5,SAT-1,Satellite,1125768.04091051,161.454114136264,7.52107305796426,41.0028069371142,188.391482363219,2.29729982452364,28.0250610562585,7.52107305796426,161.454114136264,NaN
71,350,6,SAT-1,Satellite,1115417.73367277,170.037892638578,-1.0627054443502,12.5138936205487,188.391482363219,7.52729278654991,28.4149122298638,-1.0627054443502,170.037892638578,NaN
72,355,1,BS2,Terrestrial,295.272687326099,89.7226350679138,69.6138253576621,33.994764,503.334270320412,4.93540976212702,26.6648069164933,-1.00313158876011,169.978318782988,69.6138253576621
72,355,2,BS2,Terrestrial,144.900842099444,118.489430474221,40.8470299513551,33.994764,503.334270320412,4.93540976212702,26.6753947740266,0.0538852591344892,168.921301935094,40.8470299513551
72,355,3,BS1,Terrestrial,158.603762337124,100.770138279397,58.5663221461788,101.984292,503.334270320412,4.93540976212702,26.6589530812127,4.56699392725355,164.408193266975,58.5663221461788
72,355,4,BS2,Terrestrial,1289.96390375941,153.6795443743,5.65691605127626,13.6237350467685,503.334270320412,12.3151316089783,26.7100958838759,-6.05362905746702,175.028816251695,5.65691605127626
72,355,5,SAT-1,Satellite,1156415.1125302,161.177688741623,7.79749845260523,42.1786185595789,188.391482363219,2.23325809138472,26.9151217360708,7.79749845260523,161.177688741623,NaN
72,355,6,SAT-1,Satellite,1145946.11907706,175.693463654038,-6.71827645981034,4.17688021354154,188.391482363219,22.5516980056609,27.2877532788515,-6.71827645981034,175.693463654038,NaN
73,360,1,BS2,Terrestrial,295.272687326099,91.1723835283583,68.1640768972176,33.994764,503.334270320412,4.93540976212702,25.6155498680881,1.81717714916758,167.158010045061,68.1640768972176
73,360,2,BS2,Terrestrial,144.900842099444,121.188880587429,38.1475798381468,33.994764,503.334270320412,4.93540976212702,25.6256898774739,9.00449978803772,159.97068740619,38.1475798381468
73,360,3,BS1,Terrestrial,158.603762337124,100.994091023636,58.3423694019402,101.984292,503.334270320412,4.93540976212702,25.6099393015241,8.51857994006619,160.456607254162,58.3423694019402
73,360,4,BS2,Terrestrial,1289.96390375941,150.906023139663,8.43043728591314,18.323466824896,503.334270320412,9.15645994888069,25.6588859133515,2.98713347061874,165.988053723609,8.43043728591314
73,360,5,SAT-1,Satellite,1187368.86898134,164.66642391664,4.30876327758858,28.2951577602787,188.391482363219,3.32904103167232,25.8543727416878,4.30876327758858,164.66642391664,NaN
73,360,6,SAT-1,Satellite,1176775.22955948,163.882481707539,5.09270548668928,31.212453334579,188.391482363219,3.01788969203692,26.2114226763723,5.09270548668928,163.882481707539,NaN
74,365,1,BS2,Terrestrial,295.272687326099,87.975441692013,71.3610187335629,33.994764,503.334270320412,4.93540976212702,24.6118579519295,3.13273672787304,165.842450466355,71.3610187335629
74,365,2,BS2,Terrestrial,144.900842099444,108.029561366037,51.3068990595385,33.994764,503.334270320412,4.93540976212702,24.6215799513311,-7.30892906893308,176.284116263161,51.3068990595385
74,365,3,BS1,Terrestrial,158.603762337124,101.728980102384,57.6074803231918,101.984292,503.334270320412,4.93540976212702,24.606474522083,-5.95426347507151,174.9294506693,57.6074803231918
74,365,4,BS2,Terrestrial,1289.96390375941,152.213399822217,7.12306060335882,16.0464819663851,503.334270320412,10.4557553773016,24.653371871749,-3.01473644034621,171.989923634574,7.12306060335882
74,365,5,SAT-1,Satellite,1218604.53381318,157.669314668435,11.3058725257926,57.8814749097615,188.391482363219,1.62739013351789,24.8395594095401,11.3058725257926,157.669314668435,NaN
74,365,6,SAT-1,Satellite,1207880.63838534,159.745535603817,9.22965159041075,48.4314053658541,188.391482363219,1.94493098992376,25.1824726632265,9.22965159041075,159.745535603817,NaN
75,370,1,BS2,Terrestrial,295.272687326099,89.8070671737895,69.5293932517864,50.992146,503.334270320412,4.93540976212702,23.6506767783319,7.96689213339468,161.008295060833,69.5293932517864
75,370,2,BS2,Terrestrial,144.900842099444,108.385820792374,50.9506396332018,50.992146,503.334270320412,4.93540976212702,23.6600083873433,-1.16846479241622,170.143651986644,50.9506396332018
75,370,3,BS1,Terrestrial,158.603762337124,118.406095683223,40.9303647423525,50.992146,503.334270320412,4.93540976212702,23.6455055438815,3.76213187769602,165.213055316532,40.9303647423525
75,370,4,BS1,Terrestrial,1684.50527938871,153.64847405697,5.68798636860564,20.5101578906467,503.334270320412,12.2703655672478,23.6904895661261,-2.34264427281963,171.317831467048,5.68798636860564
75,370,5,SAT-1,Satellite,1250099.55530956,171.169866230248,-2.19467903601969,10.2156429474045,188.391482363219,9.22073546095716,23.867657758863,-2.19467903601969,171.169866230248,NaN
75,370,6,SAT-1,Satellite,1239240.12616312,161.90628569457,7.06890149965835,39.1038122216503,188.391482363219,2.40886337750611,24.197713302708,7.06890149965835,161.90628569457,NaN
76,375,1,BS2,Terrestrial,295.272687326099,87.5825284216905,71.7539320038854,33.994764,503.334270320412,4.93540976212702,22.7291835270902,8.30458107367224,160.670606120556,71.7539320038854
76,375,2,BS2,Terrestrial,144.900842099444,119.751817443245,39.5846429823305,33.994764,503.334270320412,4.93540976212702,22.7381502988984,4.52462300374421,164.450564190484,39.5846429823305
76,375,3,BS1,Terrestrial,158.603762337124,105.370389961836,53.96607046374,101.984292,503.334270320412,4.93540976212702,22.7242106567803,4.38905535604843,164.58613183818,53.96607046374
76,375,4,BS2,Terrestrial,1289.96390375941,151.717495988303,7.61896443727326,16.8985217541846,503.334270320412,9.92856609278603,22.767407054772,2.7796272343582,166.19555995987,7.61896443727326
76,375,5,SAT-1,Satellite,1281833.38330215,169.262596717895,-0.287409523667179,14.2957795404669,188.391482363219,6.5890594433812,22.9358618142115,-0.287409523667179,169.262596717895,NaN
76,375,6,SAT-1,Satellite,1270833.45732959,170.393443780966,-1.41825658673807,11.7536980910543,188.391482363219,8.01413652553332,23.2541954640885,-1.41825658673807,170.393443780966,NaN
77,380,1,BS2,Terrestrial,295.272687326099,87.992265219574,71.3441952060019,33.994764,503.334270320412,4.93540976212702,21.8447701951688,2.1853314757216,166.789855718507,71.3441952060019
77,380,2,BS2,Terrestrial,144.900842099444,113.042933591208,46.2935268343676,33.994764,503.334270320412,4.93540976212702,21.8533957653857,-2.59304741816945,171.568234612398,46.2935268343676
77,380,3,BS1,Terrestrial,158.603762337124,106.787378406134,52.5490820194418,101.984292,503.334270320412,4.93540976212702,21.8399828887404,-6.51490929747234,175.4900964917,52.5490820194418
77,380,4,BS2,Terrestrial,1289.96390375941,149.81518501379,9.52127541178598,20.2915114208557,503.334270320412,8.2683880282255,21.8815078780047,2.23132620844024,166.743860985788,9.52127541178598
77,380,5,SAT-1,Satellite,1313787.26844172,170.47387760017,-1.4986904059414,11.5866377940254,188.391482363219,8.12968721868398,22.0415702527885,-1.4986904059414,170.47387760017,NaN
77,380,6,SAT-1,Satellite,1302642.17947622,159.899434959209,9.07575223501871,47.7476504762377,188.391482363219,1.97278274935198,22.3491939012206,9.07575223501871,159.899434959209,NaN
78,385,1,BS2,Terrestrial,295.272687326099,91.2591503605562,68.0773100650197,50.992146,503.334270320412,4.93540976212702,20.995027448015,-4.85553541643151,173.83072261066,68.0773100650197
78,385,2,BS2,Terrestrial,144.900842099444,111.501724872107,47.8347355534684,50.992146,503.334270320412,4.93540976212702,21.0033336778686,7.84054246982146,161.134644724407,47.8347355534684
78,385,3,BS1,Terrestrial,158.603762337124,98.5825890099857,60.7538714155901,50.992146,503.334270320412,4.93540976212702,20.9904138599663,-4.30558901345216,173.28077620768,60.7538714155901
78,385,4,BS1,Terrestrial,1684.50527938871,153.018291254104,6.31816917147202,22.0461630445293,503.334270320412,11.4154619401065,21.0303748827802,-2.28730293458315,171.262490128811,6.31816917147202
78,385,5,SAT-1,Satellite,1345944.08205774,166.456803595114,2.518383599114,22.1715523020583,188.391482363219,4.24849554502616,21.1823728824864,2.518383599114,166.456803595114,NaN
78,385,6,SAT-1,Satellite,1334649.44354262,165.542196298868,3.43299089536035,25.2011115104958,188.391482363219,3.73776137383378,21.4801907821438,3.43299089536035,165.542196298868,NaN
79,390,1,BS2,Terrestrial,295.272687326099,91.1949368252124,68.1415236003635,50.992146,503.334270320412,4.93540976212702,20.1777292551068,1.75333816911194,167.221849025116,68.1415236003635
79,390,2,BS2,Terrestrial,144.900842099444,111.431733344924,47.9047270806521,50.992146,503.334270320412,4.93540976212702,20.1857363675236,-2.83123920461531,171.806426398843,47.9047270806521
79,390,3,BS1,Terrestrial,158.603762337124,94.5650424416415,64.7714179839343,50.992146,503.334270320412,4.93540976212702,20.1732784221078,5.51270609009075,163.462481104137,64.7714179839343
79,390,4,BS1,Terrestrial,1684.50527938871,156.880723660109,2.45573676546687,13.4468411140694,503.334270320412,18.7157067615596,20.2117748253934,-2.73284918915621,171.708036383384,2.45573676546687
79,390,5,SAT-1,Satellite,1378288.1547425,174.552600241824,-5.57741304759571,5.28898884825838,188.391482363219,17.8097825282099,20.3560373041062,-5.57741304759571,174.552600241824,NaN
79,390,6,SAT-1,Satellite,1366839.84293168,164.39862665106,4.57656054316848,29.2766584492617,188.391482363219,3.21743484984314,20.6448599050523,4.57656054316848,164.39862665106,NaN
80,395,1,BS2,Terrestrial,295.272687326099,88.7246157065939,70.611844718982,33.994764,503.334270320412,4.93540976212702,19.3908184154143,-Inf,Inf,70.611844718982
80,395,2,BS2,Terrestrial,144.900842099444,111.402450191966,47.9340102336098,33.994764,503.334270320412,4.93540976212702,19.3985451231473,-Inf,Inf,47.9340102336098
80,395,3,BS1,Terrestrial,158.603762337124,99.2881159297004,60.0483444958754,101.984292,503.334270320412,4.93540976212702,19.3865201878604,-Inf,Inf,60.0483444958754
80,395,4,BS2,Terrestrial,1289.96390375941,151.026943398774,8.30951702680159,18.108868364969,503.334270320412,9.26496823133164,19.4236438606333,-Inf,Inf,8.30951702680159
80,395,5,None,Outage,NaN,NaN,-Inf,0,0,Inf,19.5604959973571,-Inf,Inf,NaN
80,395,6,None,Outage,NaN,NaN,-Inf,0,0,Inf,19.8410517466086,-Inf,Inf,NaN
