PassID,CumulativeRows,Mean_MeanCapacity_Mbps,Mean_MeanSinr_dB,Mean_FracServed,Mean_FracSatellite,Mean_MeanBitPerJouleRf,RelCI_MeanCapacity_Mbps,RelCI_MeanSinr_dB,RelCI_FracServed,RelCI_FracSatellite,RelCI_MeanBitPerJouleRf
1,1086,21.789064084176,8.05806901634709,0.841287458379578,0.244358120606733,197044.243855142,Inf,Inf,Inf,Inf,Inf
2,2715,17.2107257343719,6.58326151127019,0.698298187199408,0.280583302503391,183033.919947572,0.521392491177457,0.439086720921254,0.280258971513134,0.0710013565174497,0.150028119742519
3,4525,14.8344031597148,5.8179501178499,0.630718954248366,0.290311176881654,174580.006469315,0.469630082700039,0.385692450875995,0.209107873192362,0.0452098890309761,0.131359267513139
4,6154,14.0840490874876,5.51958212736019,0.622286965100506,0.272764829202121,164195.842495817,0.365025552876904,0.306371465557469,0.148782334591249,0.0469542011844016,0.15848767640643
5,6697,16.0646978013443,5.0649266768851,0.636786286841781,0.285100505611049,169163.44376301,0.346184689800775,0.31279020229696,0.118698486474166,0.043673679710413,0.132331558257506
6,7240,17.1298125610858,4.78269295789563,0.656133103136433,0.288329839273235,170877.262643556,0.291756061908854,0.294156670813785,0.10407110704333,0.0362167920581219,0.108755947530704
7,8145,16.8239467140355,4.58879957923267,0.655566125821398,0.292200905519441,171440.017196808,0.253577928582155,0.27202550323045,0.0879631587974375,0.0315351253253336,0.0918394692975383
8,9231,16.3631515381713,4.23447809386221,0.635866013071895,0.282127882599581,162944.188262062,0.232437470065165,0.303433512213298,0.0854051613716798,0.0336992444824153,0.132084118300191
9,10679,15.7352146762525,4.15153892706737,0.624901001630561,0.284893670955454,162034.869301416,0.227067693303634,0.275743732156759,0.0783263984611918,0.0302102877443311,0.117656224488579
10,12308,15.1788309543782,4.12708070605714,0.614550499445061,0.286025712171661,161341.383760652,0.222460571505673,0.248366068936076,0.0729354611149019,0.0271118473253717,0.106022491374757
11,13937,14.8300764827566,4.16662347385897,0.611821881411227,0.279037040774,158531.022475521,0.211050018724723,0.223299594977698,0.0661890242782154,0.0280897848435483,0.103601362459208
12,15023,14.9195583694219,4.22854306538786,0.618334566531015,0.284024180951206,162941.403268233,0.191866370012042,0.20289894351672,0.0617556812685498,0.027442241577837,0.106213102461615
13,15566,15.9125680515158,4.30792013292948,0.638131420928313,0.286906523615736,167006.422114538,0.205774334761117,0.186726625263472,0.0687939938486778,0.0258676304780459,0.106595530313751
14,17376,15.4797705866676,4.26086548961866,0.624943184821098,0.284488355090464,163887.887368816,0.203359047800825,0.176119561309075,0.0687364079387438,0.024413266827971,0.107259175066986
15,17919,16.0918780844596,4.26033719931628,0.634482673572574,0.288607925350434,167464.051989141,0.196785605613399,0.163978899984242,0.0666657880501987,0.024119186760893,0.106306999050159
16,18824,16.0350226273576,4.21125938476853,0.63693349981502,0.290672593723024,167921.016546438,0.184859435170527,0.156847928102841,0.0625448730431836,0.0229214846683555,0.0993138136323179
17,20634,15.5903612259354,4.11799930114216,0.624504363343562,0.280488092388269,163757.575915257,0.187142322171256,0.157072046011531,0.0636011457736542,0.0293606833026629,0.107862052101223
18,21539,15.8370183661988,4.14069993421844,0.629888601142763,0.273932427618147,161874.949881473,0.176353604460941,0.147668544608689,0.0608852822777912,0.0305182874345521,0.105371203245322
19,23168,15.7546533052165,4.27837802365764,0.631395914870417,0.275273899695595,163319.167622761,0.167998696691273,0.149175411114775,0.0576674372071674,0.0289869021553514,0.10029868416473
20,23711,16.4635157020105,4.33006296280988,0.64196448390677,0.274051825132569,164385.776667715,0.174306445313391,0.141774608834637,0.0584984286605134,0.0276035096827536,0.0953858748040675
21,24978,16.3739000611583,4.33217355108288,0.641414301569684,0.273587904763583,163844.242199629,0.167050711876091,0.134792234731662,0.0556535528779373,0.0262719150530288,0.0912601614696466
22,26064,16.4629486130237,4.40073594099213,0.645597484276729,0.27410066656737,164937.01048678,0.158769427730464,0.130150034940151,0.0536932753228415,0.025069441323437,0.0874066609879317
23,26788,16.7323344569319,4.44145416528765,0.655468963631392,0.271436250190533,164539.127995727,0.152565959816205,0.124525789296943,0.0548326902225943,0.0245173139399752,0.0838559713622832
24,27512,16.8760336488644,4.45069985260456,0.661026328770502,0.274219543687496,166636.667490428,0.145785436948191,0.119046343862662,0.0536163881555135,0.0240991065356271,0.083025713280378
25,28779,16.866792906408,4.51307505426272,0.66275080598277,0.275345260116625,167707.464825367,0.13991320906433,0.115819595018708,0.0515379854651649,0.0232201162884442,0.0801105061301871
26,29684,16.8097873334232,4.4622563549196,0.662224105897802,0.276135575178305,167338.119586899,0.135043798975699,0.114735398615865,0.0495268548565923,0.0223628787950493,0.0772587794901326
27,30589,16.7864146285269,4.44645917321779,0.664383684990418,0.277574381721009,168010.918952536,0.130155500888148,0.11101503220419,0.0478448403418053,0.0217026903626532,0.0744594215953698
28,32399,16.6148700978184,4.49321097250242,0.661549147961071,0.278422862855834,168035.84660451,0.12832163308046,0.107810123030144,0.0464379722975787,0.0209792534165347,0.0717408391617781
29,33123,16.4449087377055,4.32804340095692,0.655882808556083,0.273491216048336,164713.173406293,0.126726879717107,0.131369157570025,0.0461639030570249,0.0224322855947006,0.0809341276298587
30,33666,16.7559188710504,4.32506220351121,0.660570794355478,0.274265087586397,165407.245272589,0.125543982757514,0.127009329439264,0.0455352596235378,0.0217246615859337,0.07829486375631
31,35114,16.6258881676448,4.33523295696205,0.656993253783558,0.275393301974878,165734.329329392,0.123332678428673,0.122641984118027,0.044596593158389,0.0211282199421823,0.0756765896916851
32,35838,16.6196722587625,4.25323645338225,0.654107539242112,0.274131531543435,164192.740774088,0.119463264342045,0.126797926965851,0.0435493163599776,0.0206062526555773,0.0762164408502995
33,37105,16.5494134189629,4.2529149948144,0.652370862581739,0.271604528985217,162982.228328551,0.116575496221529,0.122904892382979,0.0423460434958871,0.0205770433192217,0.0758298636113257
34,38010,16.8342986160961,4.3359118922371,0.655465915556012,0.271966359610807,163956.919714531,0.116023182730174,0.12282330552383,0.0415271697826607,0.019975257486874,0.0740508837109963
35,39820,16.5860020563784,4.31000018053523,0.650367618745611,0.265911446339542,162061.208130223,0.118050606456194,0.120556713450408,0.0415429407803638,0.0227387539288589,0.0762725698299586
36,40363,17.0043263143531,4.35645094294443,0.655444861382708,0.265872820127352,162930.188971502,0.121848629108338,0.117779765008204,0.0415808554474443,0.0220982264031328,0.0744656721852894
37,41630,16.8923410034452,4.36264087739162,0.654875392278278,0.259929788675627,161516.580903798,0.120000853161161,0.114423574388945,0.0404568368362671,0.0244462506327564,0.0750458570697898
38,42897,16.8592684189966,4.39842586726827,0.656276095343798,0.261313476069011,162352.739854494,0.117092522537169,0.111610654891529,0.0394733798041608,0.0239482905757501,0.073365853703647
39,43802,17.0226084401734,4.46346510678391,0.660627250416374,0.261596823860975,163261.166341125,0.114511251684061,0.110868812271335,0.0393824070887081,0.0233327609631706,0.0718942971996695
40,44707,17.0137703161861,4.46121793374166,0.662591036414566,0.263497524796082,164331.583366747,0.111674382350578,0.108120490885276,0.038577716987138,0.0230450701376763,0.0707784202067433
41,45612,17.062271720945,4.4601684902913,0.664231638352534,0.260898481190298,163328.528487532,0.108749772142457,0.105476256900854,0.0377621916222344,0.0230460248589231,0.070489812866244
42,46155,17.4440864295985,4.52683711665184,0.670182538424175,0.260905452327682,164204.146842362,0.112321487381355,0.10544623631419,0.0386538814626345,0.0224906214913782,0.0692178238333075
43,47422,17.3119818630083,4.49732970718156,0.668741388613365,0.258786984151566,162876.912638863,0.111522651962441,0.104435137166575,0.0378497971997249,0.0223504343113236,0.0699864701801288
44,48146,17.3531049275599,4.47744437391824,0.669484603446868,0.258915198440726,162571.122112379,0.10879955249493,0.102856173264797,0.0370082506928969,0.021838008493591,0.0686051151407377
45,49594,17.1936960619758,4.44425018728601,0.666458197534779,0.255353536243288,161104.430596293,0.108867663645423,0.10234784356529,0.0366595793840885,0.0224596415395495,0.0699867181834118
46,51042,17.1173124323965,4.47303046127362,0.666663794311818,0.255764950224005,161213.076193237,0.107306836086499,0.100250477720456,0.0358560404095666,0.0219807587390823,0.06841498409696
47,52128,17.2004105786045,4.55098859952667,0.670670435978486,0.253884985012338,161472.057462806,0.104919795261023,0.102092648345748,0.035952979987044,0.0218213489282571,0.0669100407489146
48,52852,17.2832925643612,4.56639041060264,0.673051492609622,0.255798359700274,162882.278767673,0.102649388464457,0.0998251318097432,0.0355040479772445,0.0216885893377989,0.0671148856290664
49,53576,17.3412044031848,4.54135123279854,0.674265123839293,0.254173762946329,162034.780050623,0.100410515368715,0.0988979048883514,0.0348531951373832,0.0214786942419539,0.0668652503715056
50,55386,17.1939276399343,4.54368167193637,0.67092632524708,0.255785071261209,162518.833434703,0.100634795076202,0.0968552789925236,0.034770388708583,0.0212803885259095,0.0655795162966161
51,56653,17.1334501042513,4.52936346002879,0.669783703344453,0.254556319999945,161731.344559647,0.0992314829557812,0.095438612996659,0.034155299557711,0.0209975255769029,0.0652949727406717
52,58101,17.0088241080635,4.5009627816309,0.667073571083005,0.254319291819292,160994.964903431,0.0990639283748753,0.0949843657250413,0.0339106429050393,0.0205950083502965,0.0649416024767476
53,58825,17.0504877887209,4.49035319752299,0.666832051439301,0.2564104341155,162023.629699693,0.097057605852404,0.0935098664150993,0.0332680348126855,0.0206142519763071,0.0645115816275959
54,59549,17.2144644998389,4.51759848874816,0.669245713659328,0.256826108034642,162836.593386249,0.0961657871397378,0.0919712410727692,0.0329871370376501,0.0202453047059648,0.06374513242962
55,61178,17.131477691053,4.54353212448462,0.669546359424273,0.257414448912784,163143.266519415,0.0953323873439335,0.090462650793598,0.0323871781589278,0.0199072264184704,0.062566345155569
56,62626,17.0559457649363,4.54894861809164,0.668399097060208,0.258322558583182,163456.147370821,0.0944288832963552,0.0887574733634363,0.0318829720066258,0.0196293708950391,0.0614359896550948
57,64074,16.9361950265738,4.50421868183527,0.664303207766611,0.257541289714606,162381.546505934,0.0944357201569674,0.090177875498566,0.0323311655779984,0.01934262947949,0.0621172312702477
58,65341,16.9026837166411,4.53310567634556,0.665350866002441,0.255200396141974,161866.473260537,0.0930583751644287,0.0889262867803816,0.0318351344601875,0.0195521651420352,0.0615478935806113
59,66608,16.8893528346298,4.53950267719621,0.663847645443424,0.256461978246154,162395.913066325,0.0915527841600891,0.0873265857942139,0.0314293084691454,0.0193763393024386,0.0606361211400803
60,67875,16.8552336398033,4.54930704707238,0.663380209526159,0.257602230619711,162731.182411449,0.0902834022217386,0.085777838782831,0.0309146258592002,0.0191813067345291,0.0596310120459057
61,68961,16.8280631890987,4.55133403583663,0.663488670032401,0.25900747658585,163346.55882349,0.0889906590367962,0.0843268730179958,0.0304043482928032,0.0190642483247841,0.0588891297013592
62,69685,16.8775994286898,4.52828324700059,0.664454383904099,0.256843828016092,162446.817790231,0.0874759772026974,0.0839727155817705,0.0299697671345714,0.019227726970286,0.0592552854056487
63,70228,17.0529152063889,4.53867497085308,0.667161427813613,0.25507478323265,162083.463177002,0.0875419587561791,0.0825619291664029,0.0299637222136547,0.0192351543872436,0.0586028038040479
64,70771,17.1279935623294,4.50572493466232,0.668003447448162,0.253835031457552,161318.908129,0.0862147140022473,0.0831013614151689,0.0295379639065357,0.0190875200047846,0.0586929912355019
65,71495,17.1902810817278,4.48803608889948,0.668517899661074,0.253438798838355,160899.074695894,0.0848680934308744,0.0824978196066953,0.0290974594635188,0.0188076126386777,0.058159036384885
66,72219,17.2205804874968,4.47303944432661,0.669781905519974,0.253622124473956,160783.980698341,0.0834965245986184,0.0817750542907474,0.0287601023012779,0.0185239419181635,0.0573292271780071
67,73486,17.1674094989035,4.46166248416058,0.668444101568159,0.25389996137383,160511.591851213,0.0827186343177877,0.0809051878458405,0.028448691010288,0.0182534953310248,0.0566606198185395
68,74029,17.2092293397571,4.41872760065293,0.668417962819608,0.25261983909361,159659.575824219,0.0814344783573813,0.0827035891625695,0.0280272524449202,0.0181572482298164,0.0570854376147597
69,75296,17.1568753520108,4.40802550947171,0.667972834927426,0.251663291330569,159096.675242737,0.0807123611774976,0.0818325099122181,0.0276318503672729,0.0179901239068328,0.0568754022204342
70,76382,17.1120871998914,4.39060582635496,0.666278788244858,0.252660881962848,159230.518283663,0.0799239897490498,0.0813475333794927,0.0274359057255796,0.0178387410276945,0.0560341140083945
71,78011,17.0269628086825,4.38409261731447,0.664278133965961,0.252982508443186,159006.387371944,0.0797881442296942,0.0803655183202063,0.0273295032319528,0.017596991433243,0.0553860760572768
72,78735,17.026014651616,4.36108334927453,0.664632453260829,0.253673295838251,158992.373731657,0.078676628034174,0.0803279611116341,0.0269562007510376,0.017403613617859,0.0546164941564094
73,79459,17.0963629164851,4.36975265717455,0.666181966885143,0.253763611932237,159131.962091042,0.0776918478885066,0.0791583347962874,0.0267572897581458,0.0171644651151174,0.0538433355864595
74,80545,17.0920590263236,4.37431661276677,0.666316002858733,0.253591515647564,158955.544069633,0.0766556526395732,0.0780266366766761,0.026394535475227,0.0169342838022383,0.0532141650543718
75,81631,17.0442578530063,4.34956651777716,0.664732319762286,0.252674224406744,158248.309894188,0.0760377178396261,0.0782165092881132,0.0262245787258238,0.0168034276323228,0.0534570324327384
76,83441,16.9629056624858,4.34923082750554,0.662932801389341,0.25167008461776,157755.235360703,0.0759741382335605,0.0771865886243972,0.0261164801276537,0.0166972528692417,0.0532672769211062
77,85070,16.8772562206389,4.34368354230006,0.661368526827541,0.2517953379179,157496.070539189,0.0760150665042578,0.0763159169196238,0.0259567840544061,0.0164808072866758,0.0527561296667692
78,86518,16.819865490329,4.33825503632083,0.660333095502352,0.251124891982273,157015.588262797,0.0755866424917065,0.0754652807854324,0.0257020918819421,0.0163211292715678,0.0525779483738276
79,87061,16.8789025779699,4.32092416378107,0.662483166182642,0.250568592216761,156643.552824477,0.0746780381233439,0.0752146922223074,0.0257222180742287,0.0161500569567482,0.0522392453668925
80,87785,16.9782065458451,4.33954006037538,0.66513095568416,0.250121002017159,156756.44995844,0.0741983130245937,0.0744264197699633,0.0259234322197663,0.0159710158030717,0.0515642974054081
81,89233,16.9400513732927,4.35160212334174,0.664832480860968,0.251011863709689,157184.507681547,0.0735741685989613,0.0734991609448361,0.025608072594112,0.0158689654667856,0.0510647713545273
82,89776,17.0007701505956,4.33753413732867,0.666686598707592,0.248767360909696,156470.763646068,0.0727494107913895,0.0731096433569946,0.0255535786366049,0.0162799017046993,0.0514510105428517
83,91043,16.9363788400606,4.31494982497592,0.664663999266449,0.248104536957619,155860.995446344,0.0725246535086087,0.0733226345093354,0.0255532077777101,0.016134948427963,0.0515991325895558
84,91586,17.0822680665802,4.33252333207676,0.666793085158592,0.245780723190744,155513.809224416,0.0729894699246617,0.0725873208193042,0.0255897168155576,0.016579599978053,0.0512819964025784
85,92853,17.058533895446,4.34753815546827,0.667338764584635,0.246487428119602,155894.120562823,0.0722774733052423,0.0718003448415416,0.0253094775753063,0.016441834276361,0.0507770944433514
86,94482,17.0082114289732,4.35601783008373,0.665938583273005,0.246863457976433,155820.010436687,0.0718777573071959,0.0709251112148037,0.0251635484940435,0.0162662311385061,0.0502157111140138
87,95749,16.9988926625311,4.37492460556234,0.666610934838766,0.246134532754763,155723.805269758,0.0710938402755456,0.0703142275899584,0.0249075164516323,0.0161415273537905,0.0496805860891985
88,96473,17.0910145017216,4.38639969806983,0.667195935692745,0.246209989141454,155891.030079069,0.0706963074226608,0.0695181188879201,0.0246495319688308,0.0159577320466208,0.0491051370723051
89,97921,17.0606192187066,4.40439775917678,0.667532409048702,0.246935335507958,156353.104038361,0.070108999425346,0.0689186894938724,0.0243799185954255,0.0158413360768916,0.0487521114352638
90,99550,17.0104067917396,4.40337967292821,0.666084059060382,0.246984117196844,156162.368427329,0.0697705726814973,0.0681658867659392,0.0242740719488175,0.0156646241493005,0.0483255892683225
91,100636,16.96382538626,4.38212076380168,0.664580132972395,0.245111561799369,155432.560357976,0.0693980811059973,0.0684037798282663,0.0241861396914673,0.0159203612972585,0.0488899530907126
92,102265,16.8761349797687,4.3631308796723,0.662358929078878,0.244310506537863,154824.916515773,0.0697438670813231,0.068484017224237,0.0243147303001572,0.015824445137512,0.0491510916598109
93,103713,16.8286286191031,4.36829341990016,0.662294360497969,0.242747144844277,154437.377335039,0.0694055070577267,0.0677032041241032,0.0240521935737061,0.015950457374734,0.0489892351074757
94,104437,16.8777344825751,4.36424536867286,0.663224447413115,0.241909243959861,154127.535716283,0.0687004935448198,0.0670658565476538,0.0238646717017475,0.0158650894516606,0.0487222829734874
95,106247,16.7863548232888,4.34307783926556,0.660048266244598,0.24236651098705,153812.202511792,0.0691713545951516,0.0673603607548015,0.0244189916841423,0.0157227652065239,0.0484723557450507
96,107695,16.7828082470935,4.36905144742739,0.660728026142323,0.242866566175737,154175.985868051,0.0684627445318939,0.067275479211883,0.0241999918892403,0.0155889655331734,0.0480745634812867
97,108781,16.7942802041865,4.37921269327489,0.661250744867745,0.242388028283997,154084.153991965,0.067720221558189,0.066579328875721,0.0239711122613826,0.0154559027907484,0.0476190525629681
98,110229,16.7727814384925,4.41015525448553,0.662033187039416,0.241655943599362,154078.544084592,0.0671585535544822,0.0668635390985358,0.0237747616224053,0.0153645249253932,0.0471324091354562
99,112039,16.6995079046787,4.40183581951083,0.660164422798533,0.240204895883771,153579.758502259,0.0673199866769478,0.0664131842095626,0.0238167222068056,0.0154721751369029,0.0472362895570912
100,113849,16.6261809128382,4.39330859866211,0.658229815196519,0.239247907968219,153123.077173578,0.0674931556989336,0.0659830672446928,0.0238803164366895,0.0154310944544391,0.0472638891382609
101,115297,16.6074681363555,4.41338492147245,0.658411790521053,0.239894193557615,153446.018961681,0.066933301900606,0.0656377093802312,0.0236453856421533,0.015329971744655,0.046876954170336
102,115840,16.711144602738,4.41686104458575,0.660719730610212,0.24016102124658,153766.441980121,0.0669757847708227,0.0649581857108607,0.0238454199347361,0.0151879407256684,0.0464981060102305
103,116745,16.7033089382219,4.40385049408566,0.660345728936992,0.239635336946038,153369.995778194,0.0663598293053324,0.0647738153302748,0.0236241518141403,0.0150750140498425,0.046440660284243
104,117831,16.6744437829239,4.38516094312037,0.659598999856353,0.239122252069672,152928.285030032,0.0659197995978471,0.0649607078155543,0.0234416283314233,0.0149631903206729,0.0464709046539868
105,118736,16.7261498579409,4.40506088270882,0.660153952566351,0.238235944272887,152791.389603558,0.0653685542219891,0.064657541633394,0.0232427664026166,0.0149214642327117,0.0461008933541629
106,120003,16.7078759410413,4.41267494360399,0.660129135907359,0.239056305446113,153170.367945837,0.0648551896123743,0.064023538231501,0.0230225022310257,0.0148672296503293,0.0458083432348617
107,121813,16.6443950109973,4.41144756927398,0.658400253653451,0.2397970220828,153296.485747391,0.0649230370473601,0.0634423543161106,0.0230566926024344,0.014799012392292,0.0453695399708336
108,123623,16.5800012154114,4.40853639165577,0.656857537447777,0.240149951781318,153216.087614196,0.065016066602587,0.0629070006185513,0.0230414697804781,0.0146776537672761,0.0449828333036327
109,125252,16.5183038102451,4.40584346087936,0.655359080335152,0.241182470911162,153557.13060418,0.0650705551515315,0.062376800855645,0.0230172479182762,0.0146825108524647,0.0446818036075665
110,127062,16.4768495829721,4.41643923257434,0.654591463229088,0.241758543897834,153740.37329308,0.064826330793696,0.0618379033885456,0.0228566116927447,0.014592170254323,0.0442826358821023
111,127786,16.4961668542693,4.40688360312239,0.655293516919488,0.241892784650831,153680.432215047,0.0642054663406701,0.0615580280080085,0.02269152013181,0.0144625052531995,0.0439056512637261
112,129053,16.45009730553,4.39734782280461,0.654206379878996,0.242571427155768,153691.988201222,0.0640434863014809,0.061285782731912,0.0225887275487327,0.0143943828042099,0.0435088486114924
113,130501,16.4463488282472,4.41917916864357,0.655002545906212,0.242929369109474,154093.902615549,0.0634902383436271,0.0612116110386368,0.0224422535122513,0.0142836698965183,0.0433123746207798
114,131406,16.4963007058705,4.43494782059529,0.656527583448695,0.24294222654305,154234.633529865,0.0630203735328192,0.0608568955142147,0.0224444482105629,0.0141578425596684,0.042928856360781
115,133035,16.4537219032814,4.44166602767068,0.656125687354515,0.242207649808625,154065.762393405,0.0628366650940042,0.0603070501398971,0.0222623634489686,0.0141078507696896,0.0426547043440547
116,133578,16.588907897888,4.45088489009192,0.657320057170559,0.242176754132579,154277.302730486,0.0638161513262356,0.0597990316829325,0.0221934200605404,0.0139858336730323,0.0423128461790637
117,135207,16.5473398292973,4.45140930965664,0.656399682380075,0.242584856874535,154254.56742817,0.063618114340211,0.0592791910612637,0.0220767400643045,0.0138888337676647,0.0419568164573818
118,136836,16.4936615258554,4.44084009130209,0.655059107642631,0.242205365783452,153903.747490126,0.0636026317144178,0.0590989514838989,0.0220459889271297,0.013790701909018,0.0419332448362143
119,138646,16.4440385653031,4.44754913187978,0.654203771778782,0.242915808572782,154146.66092426,0.0635321229315635,0.0585864718681861,0.0219241337853511,0.0137450378408496,0.041628590702359
120,139551,16.4426771297016,4.43613871861801,0.653824215744998,0.242750555673003,153922.938306954,0.0630058893918296,0.0584634030796219,0.0217533893095691,0.0136338624720258,0.041438268801936
121,140999,16.4437088426698,4.4551574935441,0.654580073622047,0.24287467624921,154090.999556489,0.0624792106066442,0.0583339019985603,0.0216236694781512,0.01352290487,0.0411051804562105
122,141904,16.4340477893594,4.44453677969094,0.654751316445745,0.243163698616884,154075.233126509,0.0620121023116113,0.0581808534390908,0.0214483201384048,0.0134235616855235,0.0407715254300794
123,143533,16.3745776445455,4.43270606297137,0.652945254903107,0.243664181938051,153960.903582393,0.0621383369641941,0.0580959100619692,0.0215657372210002,0.0133500679621554,0.0404948852321654
124,144438,16.3945415504034,4.42850861488909,0.653280870575051,0.24372378034192,153916.029372464,0.0616063800915525,0.05771001774504,0.0214012248424612,0.0132424836840328,0.0401827601171403
125,146248,16.3404753247887,4.42764720264824,0.65195873015873,0.244059450698518,153910.562168718,0.0616557522855854,0.057258883191126,0.0213869014849488,0.0131525819075319,0.0398614785048499
126,147515,16.30729082324,4.42546996531425,0.651646776809955,0.244738611727011,154142.180719189,0.061418572788475,0.056838755683656,0.0212252936285096,0.0131155063406213,0.0395941198451945
127,148963,16.2786063576626,4.43134766362295,0.651360491703243,0.245332794138801,154435.156942653,0.0611380412199653,0.056374611316729,0.0210649768480711,0.0130638383566127,0.0393825212203611
128,149506,16.3169489886987,4.41478498626021,0.651916507562144,0.244777466312783,154099.780544476,0.0606909934753212,0.0566217832154035,0.020928152383576,0.0130069964541745,0.0393903222607238
129,150954,16.2946476861892,4.42250967112808,0.651962737218138,0.245357833543441,154463.24139576,0.0603607363677671,0.0561874027648228,0.0207654825984109,0.0129558068801994,0.039263620014912
130,151678,16.3216563997354,4.41055153500592,0.652038136977094,0.245205717023142,154274.054886054,0.0598834079840548,0.0561566770019163,0.0206056589393042,0.0128592173780004,0.0390821778459773
131,152221,16.4297077165925,4.41455293913453,0.653121301331517,0.24517806594528,154420.401804412,0.0604246150928568,0.0557041774124576,0.0205576744734383,0.0127607929498202,0.0387904385599733
132,153307,16.4509325076306,4.42937929458927,0.653934407763487,0.244468371015263,154347.070094325,0.0599411044130611,0.0554847660550412,0.0204634923805121,0.0127399169344568,0.038524995646238
133,154936,16.4174276250693,4.43117630297451,0.653333799590674,0.243931147434147,154143.110141968,0.0597441716249172,0.0550494144935792,0.0203431374423649,0.0126875340608581,0.0383725682075703
134,155841,16.4317700520878,4.4310002043005,0.653500664322802,0.244570719022613,154406.685750309,0.059269581994553,0.0546392804560887,0.0201934009294909,0.0126547360361985,0.0381670463940056
135,157108,16.4049734402197,4.42462591286983,0.65310882610673,0.244748642993186,154289.327861731,0.0590119138635087,0.0543845168410935,0.0200579705240253,0.0125654875858982,0.0379413894180403
136,158375,16.3792575770812,4.41971253570925,0.652498909293647,0.244933277139935,154221.210280542,0.0587490101008282,0.0540870698081408,0.0199457952557188,0.0124780008022391,0.03768795403307
137,160185,16.3360008785479,4.41575703799285,0.650742535457005,0.245341705061036,154170.79923042,0.0587029061375947,0.0537675895184648,0.0200967086350804,0.0124124266036755,0.0374295682265462
138,161452,16.3052343279997,4.40511341951337,0.650259711942383,0.244928809642533,153841.030673675,0.0585029471545209,0.053714685785193,0.01997298040354,0.0123486997631929,0.0374732674274321
139,162719,16.2831443300867,4.40647217592983,0.649925279373774,0.245699032972766,154176.924019902,0.0582200813806037,0.0533138312245483,0.0198396006804655,0.0123521368854919,0.0373664357218696
140,164529,16.2374460069459,4.40678685831115,0.649316569395054,0.245005558827304,153926.305751401,0.0582272841576962,0.0529280535753989,0.019733478618866,0.012338682615648,0.037295754373152
141,166158,16.2075079533574,4.40861229327616,0.648495917390998,0.245397601924038,153969.530352803,0.0580326840434528,0.0525358459509513,0.0196589376878846,0.0122749361580123,0.0370239940798841
142,166701,16.3180292491884,4.4182181042782,0.649251769092791,0.245430664514898,154151.039981734,0.0587516741287603,0.0522252908048125,0.0195761408100167,0.0121883586771903,0.0367915053317182
143,167425,16.335894266675,4.41124800021001,0.649870926951948,0.244892156185164,153897.698290588,0.0583149830218839,0.0520329790891807,0.0194766064014624,0.0121487616655063,0.0367354227679608
144,168692,16.3255433980225,4.41621374801539,0.64993397865785,0.245422282732101,154148.926336634,0.0579586415428894,0.0516593082649175,0.0193412740841359,0.0121087627871167,0.0365597890233425
145,169778,16.3334854607079,4.4218809831427,0.650055755114885,0.245898442222259,154411.52118977,0.057537445350005,0.0512975923068884,0.0192089057661692,0.012061125971028,0.0363979767488539
146,171045,16.330595366265,4.43037623059277,0.6502231038017,0.245581462963405,154322.364032615,0.0571531595704915,0.0509860454767315,0.0190797038290422,0.0119943318940126,0.0361864210438093
147,172131,16.3101899780504,4.4183145255206,0.64985678608071,0.245516514482403,154078.338218751,0.0568869204077029,0.0510573937365918,0.018963062488166,0.0119131385169679,0.0361299320929298
148,173579,16.2817083586954,4.41871915185618,0.649252007874372,0.246146742310727,154286.771566393,0.0567038316822119,0.0507069118844444,0.0188717619973107,0.0118966729271355,0.0359341900306967
149,174846,16.2571847808363,4.40932813256877,0.648173167793984,0.246422937500525,154180.312799623,0.0564843771735311,0.0506450477676788,0.018863567401522,0.0118289532873691,0.035742481601122
150,176475,16.2195745812694,4.41177414404478,0.647552428518577,0.247057422969188,154456.261565051,0.0564200045884255,0.0502901318471535,0.0187768462257018,0.0118154560045242,0.0356125443163269
151,177561,16.2170366349929,4.40891699116846,0.647556509796221,0.246902343343935,154309.156874055,0.0560547269342447,0.0500044820584755,0.0186520834615025,0.0117408822934666,0.0354589016042483
152,179371,16.178497785131,4.40430855226356,0.646570409444811,0.246488628966979,154062.746123765,0.0560123003363574,0.0497686655596091,0.0186294962742589,0.0116915375399621,0.0354201840834051
153,181181,16.1471773065309,4.41412662831458,0.64628633917496,0.246875372420518,154227.831840555,0.0558824079600194,0.04952458941891,0.0185157075282476,0.0116395797129067,0.0352128077121032
154,182629,16.1132347443829,4.40554722375308,0.645504891493476,0.246581256859519,153960.878435812,0.0557882873265598,0.0494453100615762,0.0184587372914557,0.0115781108730976,0.0352084631937253
155,184258,16.0835201469365,4.40822612559948,0.645109950655044,0.246591180192913,153872.494283861,0.055647540583959,0.0491098651643884,0.0183555914400863,0.011503187299659,0.0350187688414205
156,185525,16.0964348250137,4.42707868938972,0.646074783727392,0.246490304717275,154006.752691654,0.0552676914627463,0.0492979695164838,0.0183353294805262,0.0114309210847322,0.0348052000069755
157,186973,16.0723777469898,4.42565366557312,0.645539367451503,0.246819289747706,154036.333235171,0.0550749275075698,0.0490027995390708,0.0182483691943474,0.0113761682103449,0.0345782077440395
158,188783,16.0454419172338,4.43505154358204,0.645149990176789,0.247294260033446,154225.874892787,0.0549157684318698,0.0487656719386484,0.0181485589942058,0.0113422071602369,0.0344008735553055
159,189326,16.1201768929807,4.44003451421027,0.64639286631151,0.247521269890022,154496.975489472,0.0550711402301683,0.0484535710833718,0.0181978418945881,0.0112794259525752,0.0342967284113012
160,190050,16.1328510775969,4.42827550955651,0.646421307123478,0.247805560510368,154491.922957211,0.0547045450203529,0.048557380687837,0.0180838336337391,0.0112225493651358,0.0340828746725051
161,191679,16.1073100537547,4.43241834642436,0.645981009302819,0.24828546950637,154731.864088502,0.0545385330299609,0.0482445313610798,0.0179918691904151,0.0111922223671549,0.0339542999644941
162,193489,16.0754799018293,4.43337538366819,0.645276518480674,0.248134024554771,154601.333551488,0.0544466382613407,0.0479373178949844,0.0179336996750999,0.011126880018402,0.0338130635603479
163,195299,16.0304179754307,4.41975311839144,0.643681193973133,0.247800593015691,154265.43846284,0.0545426772843194,0.0481694600791318,0.0180955370077845,0.011077700348501,0.0339474735487179
164,196385,16.0511926502747,4.43224475656278,0.644448475432511,0.247841638189253,154447.303184947,0.0541983185287,0.0480584409722908,0.0180476263168715,0.0110102401046293,0.0337790491267818
165,197652,16.0230493488797,4.42010627144004,0.643805095508758,0.247521515562581,154140.593924568,0.0540731576089192,0.0481989522960712,0.0179821832998253,0.0109612804872411,0.0338658220591567
166,198195,16.097547876177,4.42425629315993,0.64510841049309,0.247503573301716,154256.501659246,0.054261238472233,0.047898076629664,0.018055151134268,0.010895105334113,0.0336681261640147
167,199824,16.0756215179056,4.42759798326256,0.644623118331805,0.247285728210615,154137.197776046,0.0540750297346437,0.0475974575613527,0.0179718991256503,0.0108380825065906,0.0335261575215118
168,200367,16.1299818104896,4.42406385824255,0.645674823912794,0.246782730387753,153986.439722298,0.0539767398650631,0.0473769663299656,0.017983136096567,0.0108183918417611,0.0334137725238183
169,201996,16.100280065123,4.42416298457355,0.645140114398631,0.247145275065108,154091.620609708,0.0538768548449595,0.047094760169442,0.0179071051215899,0.0107776377909976,0.0332197481855923
170,202720,16.1485575896082,4.4360307934062,0.646700333481524,0.246269268713775,154025.75891777,0.0537194069749613,0.046985178328597,0.0180622101401334,0.0108507562961248,0.0330485094551996
171,203444,16.192491496428,4.44357648813375,0.647716572744806,0.246729195558469,154421.921694814,0.0535242738041555,0.0467489150424524,0.018066408194344,0.0108247158358611,0.0331539147086332
172,203987,16.2254247884188,4.4338321170144,0.648177348678246,0.246488487526062,154238.380449964,0.0532529767867133,0.0467772228723747,0.0179837549015295,0.0107719340292647,0.0330821395602786
173,204711,16.2723618671078,4.44270562766178,0.649421901672291,0.246763800586945,154562.291397131,0.0530934076019091,0.0465779642910864,0.0180451332626816,0.010723073511631,0.0330774527857905
174,205254,16.3273645880394,4.44196697546133,0.650186511024564,0.247178404724139,154866.016104368,0.0530222819674687,0.0463183486836793,0.0180036080313521,0.0106921936380656,0.0330466310772565
175,205797,16.3892736877598,4.44443985065965,0.651460325010507,0.247518506773779,155162.384158747,0.0530385787996009,0.0460402055415218,0.018073708765023,0.0106517985218802,0.0330074834296963
176,206702,16.4349734788388,4.45965522461942,0.652284120838158,0.247759311343176,155486.954109631,0.0528713715744491,0.0461091648788201,0.0180431143867223,0.0106016152821862,0.0330054640486111
177,207245,16.4980593258253,4.46067331704825,0.653111567264862,0.247791304632573,155591.841462006,0.0529043502231085,0.0458396396941275,0.0180140395184915,0.0105417354953187,0.0328229435992308
178,208150,16.5207156070357,4.46412552242252,0.653370620737872,0.248160058666955,155821.756767042,0.0526028704980355,0.045571350438289,0.01791974592464,0.010507232505684,0.032717930554513
179,209417,16.5031969750815,4.45912806923496,0.652978391384662,0.24779498989083,155608.756113811,0.0524050194176739,0.0454199815427803,0.0178359299693381,0.0104728402932467,0.032689450710138
180,210684,16.4902338182762,4.45759348094564,0.652904985544183,0.247505326728875,155452.089778281,0.0521767883479366,0.0451875309549857,0.0177371482185841,0.0104299588376102,0.0325999959503268
181,212313,16.4543438698271,4.45055553578513,0.651927007642419,0.247376542263592,155227.389916971,0.0521763327797446,0.0451148402379939,0.0177427274032123,0.0103752456534124,0.0325900485704344
182,213399,16.4671499419673,4.45893560952419,0.652659489049611,0.247450414611902,155359.89023899,0.0518709050289463,0.0449331950863282,0.0177032798320746,0.0103190971712445,0.0324259616546712
183,214304,16.5014066318404,4.47046103679463,0.653372441872924,0.247796400410527,155683.95447835,0.0516401388354685,0.0448572992659177,0.0176616422019479,0.0102849342561364,0.0324387422209055
184,216114,16.4538253745016,4.45547476913352,0.651887445913558,0.247384632346239,155321.269070935,0.0518181545465195,0.0452457677708142,0.017804902944467,0.0102606747340575,0.0326595654756516
185,216838,16.4804315294165,4.45272596046171,0.652278299387067,0.246959317808374,155157.983209129,0.0515512959156163,0.0450445655142301,0.0177249612659924,0.0102390519416095,0.0325820880605067
186,217924,16.4828260413126,4.45562295397683,0.652498866253744,0.247153186357386,155260.126155995,0.0512667314005927,0.0447907389356142,0.0176347080205552,0.0101909410235607,0.0324107827497597
187,218467,16.5086018558601,4.44898577766792,0.653197823373119,0.247556669390253,155413.128363212,0.0510041152382067,0.0447127454372608,0.0175935694410416,0.0101671005817246,0.0322630147676514
188,219915,16.4699202567804,4.43607218391051,0.652199929550303,0.247309169218336,155118.81701616,0.0510591728861503,0.0449671900882294,0.017608696970183,0.010124503761881,0.0323661776093736
189,221544,16.4544182361317,4.44625270523341,0.652210572092802,0.24759337231282,155293.048637382,0.0508696743579777,0.0448513078944103,0.0175152938941078,0.0100861862334567,0.0322334503669106
190,222449,16.4994912657601,4.46663924667737,0.653526994048199,0.247723744247782,155611.575565597,0.0507462587255538,0.0453030201103631,0.0176128806290971,0.0100362141050631,0.0322482588185842
191,223173,16.5247173296339,4.46921556025299,0.654152664062101,0.248219417504563,155945.040522906,0.0504915426569063,0.0450533987587571,0.0175632883770351,0.0100306891889932,0.0322835910179467
192,223716,16.5843780530401,4.47297455493256,0.654713047103013,0.248668499763637,156328.046820748,0.0505414320478881,0.0448107500232079,0.0175060633276034,0.0100170559422009,0.0323942220886801
193,225526,16.5478667328799,4.46908691695312,0.65383781661392,0.248021260839201,156080.956191666,0.0505750437117626,0.0446493091537359,0.0174994072277134,0.0100454426805693,0.0324257557378399
194,226069,16.5947902469857,4.46708648191656,0.65456567604024,0.247854585651936,156009.525481325,0.0504765769661678,0.0444471204347101,0.0174673252399889,0.00999886603180319,0.0322854240385879
195,227879,16.571031630977,4.47284573506262,0.654189093473222,0.248084432934599,156090.432522766,0.0503675076342548,0.0442337151579733,0.0173931865442435,0.00995765355639934,0.0321188537293912
196,228422,16.5865857957168,4.45934479449116,0.654230103991282,0.248224918898377,155994.244616476,0.0500966095050688,0.0445377712981279,0.017304404943523,0.0099105448393304,0.0319970977380189
197,229327,16.5969496307075,4.46139525884663,0.654994841853352,0.247500114242932,155830.737870719,0.0498255742183895,0.0442999088702789,0.017281465957618,0.00996192279855756,0.0319339535745613
