RunID,UserID,ServingNode,ServingType,Distance_m,PathLoss_dB,SNR_dB,Capacity_Mbps,SatElevation_deg,NodePower_W,EnergyPerBit_uJ
1,1,BS2,Terrestrial,295.272687326099,93.1813973038825,66.1550631216934,33.994764,NaN,893.334270320412,8.75952808811392
1,2,BS2,Terrestrial,144.900842099444,90.9806594292142,68.3558009963617,33.994764,NaN,893.334270320412,8.75952808811392
1,3,BS2,Terrestrial,577.768536433813,116.050779229399,43.2856811961773,33.994764,NaN,893.334270320412,8.75952808811392
1,4,SAT-1,Satellite,600048.164031137,154.366868208338,14.6083189858905,49.0186184454672,89.2289463904609,188.391482363219,1.28108793718046
1,5,SAT-1,Satellite,600039.982999046,154.175024375147,14.8001628190808,49.6350415297141,89.2953170434521,188.391482363219,1.26517796404272
1,6,SAT-1,Satellite,600139.521763894,155.278288913498,13.6968982807297,46.1031924435052,88.7007369245411,188.391482363219,1.36210005119908
2,1,BS1,Terrestrial,140.115347174963,95.2865970637215,64.0498633618543,50.992146,NaN,893.334270320412,8.75952808811392
2,2,BS2,Terrestrial,144.900842099444,107.612824087476,51.7236363380996,101.984292,NaN,893.334270320412,8.75952808811392
2,3,BS1,Terrestrial,158.603762337124,105.026345831122,54.3101145944541,50.992146,NaN,893.334270320412,8.75952808811392
2,4,SAT-1,Satellite,600048.164031137,154.044938530683,14.930248663545,50.0535260504564,89.2289463904609,188.391482363219,1.25460013994692
2,5,SAT-1,Satellite,600039.982999046,154.416914907852,14.558272286376,48.8579590579409,89.2953170434521,188.391482363219,1.28530053237116
2,6,SAT-1,Satellite,600139.521763894,151.737693276223,17.2374939180048,55.547,88.7007369245411,188.391482363219,1.1305229947205
3,1,BS1,Terrestrial,140.115347174963,113.097114562975,46.2393458626011,50.992146,NaN,893.334270320412,8.75952808811392
3,2,BS2,Terrestrial,144.900842099444,114.89775024621,44.4387101793664,50.992146,NaN,893.334270320412,8.75952808811392
3,3,BS1,Terrestrial,158.603762337124,115.201164392847,44.1352960327285,50.992146,NaN,893.334270320412,8.75952808811392
3,4,BS2,Terrestrial,1289.96390375941,140.149290613516,19.1871698120602,50.992146,NaN,893.334270320412,8.75952808811392
3,5,SAT-1,Satellite,600039.982999046,155.512700793625,13.4624864006035,68.0358187484569,89.2953170434521,188.391482363219,1.38450220654904
3,6,SAT-1,Satellite,600139.521763894,153.217693271204,15.7574939230246,79.0851909879063,88.7007369245411,188.391482363219,1.19106674719941
4,1,BS2,Terrestrial,295.272687326099,123.162055044068,36.1744053815082,33.994764,NaN,893.334270320412,8.75952808811392
4,2,BS2,Terrestrial,144.900842099444,106.292707177461,53.043753248115,33.994764,NaN,893.334270320412,8.75952808811392
4,3,BS1,Terrestrial,158.603762337124,119.558779672451,39.7776807531244,101.984292,NaN,893.334270320412,8.75952808811392
4,4,BS2,Terrestrial,1289.96390375941,143.813312565778,15.5231478597976,31.8029844838311,NaN,893.334270320412,9.36321213055325
4,5,SAT-1,Satellite,600039.982999046,154.339716082153,14.6354711120747,73.6587118138751,89.2953170434521,188.391482363219,1.27881331158259
4,6,SAT-1,Satellite,600139.521763894,151.27072537385,17.7044618203777,83.3205,88.7007369245411,188.391482363219,1.1305229947205
5,1,BS1,Terrestrial,140.115347174963,116.327468465477,43.0089919600985,50.992146,NaN,893.334270320412,8.75952808811392
5,2,BS2,Terrestrial,144.900842099444,90.402130265797,68.9343301597789,50.992146,NaN,893.334270320412,8.75952808811392
5,3,BS1,Terrestrial,158.603762337124,107.130694384588,52.2057660409875,50.992146,NaN,893.334270320412,8.75952808811392
5,4,BS2,Terrestrial,1289.96390375941,139.137456665289,20.1990037602869,50.992146,NaN,893.334270320412,8.75952808811392
5,5,SAT-1,Satellite,600039.982999046,154.006989267785,14.9681979264428,75.2635236130566,89.2953170434521,188.391482363219,1.25154572440544
5,6,SAT-1,Satellite,600139.521763894,153.618935460385,15.3562517338431,77.1399730700643,88.7007369245411,188.391482363219,1.22110155646611
