User,HasSatAlternative,ServingType_off,Capacity_off_Mbps,ServingType_on,Capacity_on_Mbps,CandBS_SNR_dB,CandSat_SNR_dB,SatElevation_deg
1,1,Satellite,1.40551533708827,Satellite,1.40551533708827,-11.5485808616024,-3.91126112180589,10.0219145018615
2,1,Satellite,1.40530570210479,Satellite,1.40530570210479,-8.36266675381668,-3.91202562739565,10.0196954093143
3,1,DualConnectivity,2.70396740715293,Satellite,1.40470899866969,-3.18268415885524,-3.91420223438004,10.0133782197582
4,1,Satellite,1.40381676024926,Satellite,1.40381676024926,-11.8104391669904,-3.91745831832083,10.0039300972011
5,0,Outage,0,Outage,0,-10.8312830278504,-Inf,9.9927948485416
6,0,Outage,0,Outage,0,-17.3738323069329,-Inf,9.98166994240419
7,0,Terrestrial,0.808713218055729,Terrestrial,1.07828429074097,-5.5804511298922,-Inf,9.97224678893887
8,0,Terrestrial,1.54621264634104,Terrestrial,2.06161686178805,-2.25342171783706,-Inf,9.96595456852349
9,0,Terrestrial,0.743836546901586,Terrestrial,0.991782062535448,-5.98783114903461,-Inf,9.96374581854756
10,0,Outage,0,Outage,0,-8.17456249019128,-Inf,9.96595456852352
11,0,Terrestrial,2.85722383203157,Terrestrial,3.80963177604209,1.36767770599278,-Inf,9.97224678893886
12,0,Terrestrial,0.754497432054086,Terrestrial,1.00599657607212,-5.91877334949254,-Inf,9.98166994240419
13,0,Terrestrial,1.77479912730796,Terrestrial,2.36639883641061,-1.49222762388592,-Inf,9.99279484854159
14,1,Satellite,1.40381676024926,Satellite,1.40381676024926,-7.9489363837402,-3.91745831832083,10.0039300972011
15,1,Satellite,1.40470899866969,Satellite,1.40470899866969,-8.74583203189789,-3.91420223438004,10.0133782197582
16,1,DualConnectivity,2.43485008021132,Satellite,1.40530570210479,-4.38042412833661,-3.91202562739565,10.0196954093143
