Step,ServingNode,ServingType,SNR_dB,CandBS_SNR_dB
1,None,Outage,-18.9592944924246,-18.9592944924246
2,BS1,Terrestrial,-5.98837319442629,-5.98837319442629
3,None,Outage,-11.9975090606395,-11.9975090606395
4,None,Outage,-21.6384656094269,-21.6384656094269
5,None,Outage,-25.8987977594356,-25.8987977594356
6,None,Outage,-23.4543118440227,-23.4543118440227
7,None,Outage,-22.9312433895277,-22.9312433895277
8,None,Outage,-23.7595825126472,-23.7595825126472
9,None,Outage,-20.0982293453394,-20.0982293453394
10,None,Outage,-19.16123124358,-19.16123124358
11,None,Outage,-9.17238150126076,-9.17238150126076
12,None,Outage,-14.8401008464199,-14.8401008464199
13,None,Outage,-20.7770468215785,-20.7770468215785
14,None,Outage,-22.3749027831227,-22.3749027831227
15,None,Outage,-16.2087216940369,-16.2087216940369
16,None,Outage,-14.8979129279539,-14.8979129279539
17,None,Outage,-14.4249083646487,-14.4249083646487
18,None,Outage,-13.5483244854829,-13.5483244854829
19,None,Outage,-16.0247447096662,-16.0247447096662
20,None,Outage,-24.3055694458515,-24.3055694458515
21,None,Outage,-16.883759465602,-16.883759465602
22,None,Outage,-14.7535110136286,-14.7535110136286
23,None,Outage,-17.4186047277734,-17.4186047277734
24,None,Outage,-13.7753090754775,-13.7753090754775
25,None,Outage,-11.6163209035897,-11.6163209035897
26,None,Outage,-11.6075555783811,-11.6075555783811
27,None,Outage,-18.4938387399231,-18.4938387399231
28,None,Outage,-13.1859741004367,-13.1859741004367
29,BS1,Terrestrial,-1.32250486476468,-1.32250486476468
30,BS1,Terrestrial,-3.29064639949286,-3.29064639949286
31,None,Outage,-10.5331431222544,-10.5331431222544
32,None,Outage,-11.1825619467704,-11.1825619467704
33,None,Outage,-10.2584840625495,-10.2584840625495
34,None,Outage,-13.8753043919383,-13.8753043919383
35,None,Outage,-9.90519225501626,-9.90519225501626
36,None,Outage,-18.9007043511778,-18.9007043511778
37,None,Outage,-11.0088804836615,-11.0088804836615
38,None,Outage,-18.9566441094615,-18.9566441094615
39,None,Outage,-22.0518200139265,-22.0518200139265
40,None,Outage,-15.4976084156347,-15.4976084156347
41,None,Outage,-9.12380298495501,-9.12380298495501
42,None,Outage,-13.2992191744618,-13.2992191744618
43,None,Outage,-13.0874928622367,-13.0874928622367
44,None,Outage,-16.0913650561762,-16.0913650561762
45,None,Outage,-11.9007761350674,-11.9007761350674
46,BS1,Terrestrial,-6.06057602693323,-6.06057602693323
47,None,Outage,-17.928880085082,-17.928880085082
48,None,Outage,-19.6190888107568,-19.6190888107568
49,None,Outage,-12.3748048599514,-12.3748048599514
50,None,Outage,-10.376533538521,-10.376533538521
51,BS1,Terrestrial,-4.39375219214381,-4.39375219214381
52,BS1,Terrestrial,-2.95647461868589,-2.95647461868589
53,BS1,Terrestrial,-5.04637045921544,-5.04637045921544
54,BS1,Terrestrial,-6.482861538729,-6.482861538729
55,None,Outage,-20.4706904643846,-20.4706904643846
56,None,Outage,-19.6741243605902,-19.6741243605902
57,None,Outage,-12.7323743766213,-12.7323743766213
58,None,Outage,-11.1835073797904,-11.1835073797904
59,None,Outage,-20.9211705254975,-20.9211705254975
60,None,Outage,-12.4403938825018,-12.4403938825018
61,None,Outage,-17.2215216125536,-17.2215216125536
62,None,Outage,-15.2423127888962,-15.2423127888962
63,None,Outage,-13.5060539933513,-13.5060539933513
64,None,Outage,-13.7512358134469,-13.7512358134469
65,BS1,Terrestrial,-5.54420266480284,-5.54420266480284
66,BS1,Terrestrial,-3.50116807700203,-3.50116807700203
67,None,Outage,-14.3440421338162,-14.3440421338162
68,BS1,Terrestrial,-5.02859583199594,-5.02859583199594
69,None,Outage,-11.2917825566036,-11.2917825566036
70,None,Outage,-11.6372264751693,-11.6372264751693
71,None,Outage,-10.5121531929479,-10.5121531929479
72,None,Outage,-12.7318022502251,-12.7318022502251
73,None,Outage,-12.749674028171,-12.749674028171
74,None,Outage,-18.55749029594,-18.55749029594
75,None,Outage,-8.48606078455313,-8.48606078455313
76,None,Outage,-10.5014805857591,-10.5014805857591
77,None,Outage,-11.8709772922168,-11.8709772922168
78,None,Outage,-14.0174318090764,-14.0174318090764
79,None,Outage,-12.6014933384359,-12.6014933384359
80,None,Outage,-14.68017355015,-14.68017355015
