User,Node_off,Capacity_off_Mbps,Node_perbs,Capacity_perbs_Mbps,Node_joint,Capacity_joint_Mbps
1,BS1,6.36759410011086,BS1,6.36759410011086,BS2,7.07318163043965
2,BS1,8.498691,BS1,8.498691,BS1,12.7480365
3,BS2,50.992146,BS2,50.992146,BS2,16.997382
4,BS2,50.992146,BS2,50.992146,BS2,16.997382
5,BS1,6.83724221834957,BS1,6.83724221834957,BS2,11.5736253705641
6,BS1,8.498691,BS1,8.498691,BS1,12.7480365
7,BS1,8.498691,BS1,8.498691,BS1,12.7480365
8,BS1,7.72105407243424,BS1,7.72105407243424,BS1,11.5815811086514
9,BS1,6.00041220497679,BS1,6.00041220497679,BS2,8.30280996215701
10,BS1,8.498691,BS1,8.498691,BS1,12.7480365
11,BS1,8.498691,BS1,8.498691,BS1,12.7480365
12,BS1,8.498691,BS1,8.498691,BS1,12.7480365
13,BS1,6.17232606463504,BS1,6.17232606463504,BS2,2.26735299932671
14,BS1,8.498691,BS1,8.498691,BS1,12.7480365
