ScenarioID,UserID,ScenarioType,NumBS,NumUsers,UserLat,UserLon,ServingNode,ServingType,Distance_m,PathLoss_dB,SNR_dB,Capacity_Mbps,SatElevation_deg,NodePower_W,EnergyPerBit_uJ,NodeLoad,CandBS_SNR_dB,CandBS_Distance_m,CandBS_PathLoss_dB,CandSat_SNR_dB,CandSat_Elevation_deg,CandSat_SlantRange_m,CandSat_PathLoss_dB
1,1,UMi,2,10,37.9913540515459,23.6928652011268,BS2,Terrestrial,3882.40103826962,151.934626444162,2.40183398141423,13.3422508707538,NaN,638.05866228095,23.911207653859,2,2.40183398141423,3882.40103826962,151.934626444162,1.34825908756829,26.551622101819,1166344.18568105,167.62692810666
1,2,UMi,2,10,38.0253303527598,23.7153529300057,SAT-1,Satellite,1168811.22723064,156.514444763226,12.4607424310022,31.6424699542014,26.4663729708768,188.391482363219,1.48843850239798,4,-8.95725911067069,4932.97762116704,163.293719536247,12.4607424310022,26.4663729708768,1168811.22723064,156.514444763226
1,3,UMi,2,10,38.0111147343784,23.7863345049892,BS1,Terrestrial,2135.58946371279,130.490129467482,23.8463309580935,25.496073,NaN,638.05866228095,6.25644057303403,4,23.8463309580935,2135.58946371279,130.490129467482,7.34651219270287,26.5829788144717,1165435.8445184,161.628675001525
1,4,UMi,2,10,37.9734728587681,23.7812486782493,SAT-1,Satellite,1162110.64013815,158.258252941942,10.7169342522861,27.5812080051828,26.6986262107642,188.391482363219,1.70760724410455,4,7.39849628991837,3634.38985057002,146.937964135657,10.7169342522861,26.6986262107642,1162110.64013815,158.258252941942
1,5,UMi,2,10,38.0259125502795,23.7983896947887,BS1,Terrestrial,3919.76154455582,153.593349364197,0.743111061378755,5.18073997240833,NaN,638.05866228095,30.7899385840215,4,0.743111061378755,3919.76154455582,153.593349364197,-7.4416032659405,26.5476257299892,1166455.90779065,176.416790460169
1,6,UMi,2,10,37.976946089271,23.7735280999285,SAT-1,Satellite,1162654.60960881,158.704368697356,10.2708184968718,26.5608371084713,26.6796711569414,188.391482363219,1.77320731264841,4,5.60932647978913,4238.61889136458,148.727133945787,10.2708184968718,26.6796711569414,1162654.60960881,158.704368697356
1,7,UMi,2,10,37.9803581233595,23.7332579623236,BS1,Terrestrial,3718.23596326488,145.897467582241,8.43899284333528,13.7540093298816,NaN,638.05866228095,11.5976848455149,4,8.43899284333528,3718.23596326488,145.897467582241,0.789220833020124,26.6279134642279,1164143.30649671,168.185966361208
1,8,UMi,2,10,37.9928789789047,23.7278490203597,BS1,Terrestrial,3389.03483769814,146.309765198988,8.02669522658834,13.2074734538228,NaN,638.05866228095,12.0776063739933,4,8.02669522658834,3389.03483769814,146.309765198988,7.16816697814667,26.5823963539921,1165454.70139445,161.807020216081
1,9,UMi,2,10,38.0142237139296,23.7595359687664,BS2,Terrestrial,2601.90503926063,145.896030385766,8.44043003980994,27.5118523417383,NaN,638.05866228095,11.596068748031,2,8.44043003980994,2601.90503926063,145.896030385766,-13.5367171474251,26.5462121259055,1166498.10985361,182.511904341653
1,10,UMi,2,10,37.9868043762032,23.7837935205946,SAT-1,Satellite,1163265.99651254,157.566504489464,11.4086827047644,29.1794210835665,26.658365679545,188.391482363219,1.61407830730849,4,7.3974288717524,2515.75073643135,146.939031553823,11.4086827047644,26.658365679545,1163265.99651254,157.566504489464
2,1,UMa,2,5,37.9799175379104,23.7747344061819,BS1,Terrestrial,4771.19838044348,155.941676823571,3.39478360200528,10.2286908835231,NaN,893.334270320412,29.1120431243534,3,3.39478360200528,4771.19838044348,155.941676823571,-1.83233252467534,22.5871437086653,1293571.80004686,170.807519718903
2,2,UMa,2,5,38.0086001196897,23.7169573341818,SAT-1,Satellite,1298711.10749681,158.360417439313,10.6147697549148,54.6935629949413,22.4429621743669,188.391482363219,1.72224547137881,2,-1.6172426059037,2145.64029944394,160.95370303148,10.6147697549148,22.4429621743669,1298711.10749681,158.360417439313
2,3,UMa,2,5,37.979797372918,23.6739559528523,BS1,Terrestrial,4104.43224496482,149.757751722033,9.57870870354287,20.3966163841863,NaN,893.334270320412,14.5993867069871,3,9.57870870354287,4104.43224496482,149.757751722033,6.79434894542658,22.4517704916386,1298399.26619297,162.180838248802
2,4,UMa,2,5,37.9510725632203,23.7564529626532,SAT-1,Satellite,1292059.11409191,172.253476792025,-3.27828959779737,8.33840831065889,22.6298598771278,188.391482363219,11.2966093374439,2,-27.3485002163502,4277.60623610907,186.684960641926,-3.27828959779737,22.6298598771278,1292059.11409191,172.253476792025
2,5,UMa,2,5,37.9791112675162,23.7302276570938,BS1,Terrestrial,879.871438269042,128.116712733758,31.2197476918176,33.994764,NaN,893.334270320412,8.75952808811392,3,31.2197476918176,879.871438269042,128.116712733758,2.89738657547502,22.5291778043993,1295634.76073654,166.077800618753
3,1,UMi,1,5,38.033430971632,23.7140671986181,SAT-1,Satellite,878597.763067711,153.687838445614,15.2873487486144,38.4032156262675,40.2485827238879,188.391482363219,1.22640434720758,4,-4.84775761839222,3780.54969937751,159.184218043968,15.2873487486144,40.2485827238879,878597.763067711,153.687838445614
3,2,UMi,1,5,38.0059575432868,23.7195443440646,BS1,Terrestrial,2578.1744227646,140.220137274418,14.1163231511583,87.1035380593399,NaN,638.05866228095,7.32528983893018,1,14.1163231511583,2578.1744227646,140.220137274418,9.41839640704788,40.1080431053525,880702.044924369,159.55679078718
3,3,UMi,1,5,38.0271537486151,23.6677848933737,SAT-1,Satellite,877219.3678497,157.785160218637,11.1900269755908,28.6722576776579,40.3410523751758,188.391482363219,1.64262860358933,4,-16.1263725370344,3143.54463940059,170.46283296261,11.1900269755908,40.3410523751758,877219.3678497,157.785160218637
3,4,UMi,1,5,37.9647705012994,23.6893680190172,SAT-1,Satellite,882369.960041578,156.423148449727,12.5520387445012,31.8578364563625,39.9972201184698,188.391482363219,1.47837630641733,4,-4.09376954972123,4474.63706863665,158.430229975297,12.5520387445012,39.9972201184698,882369.960041578,156.423148449727
3,5,UMi,1,5,38.0157823583385,23.727869930528,SAT-1,Satellite,880352.872982586,156.734835976337,12.2403512178913,31.1235809116404,40.1313187457201,188.391482363219,1.51325359136904,4,-7.74750881064062,3514.23823261745,162.083969236216,12.2403512178913,40.1313187457201,880352.872982586,156.734835976337
4,1,UMi,3,9,37.9530238454674,23.7755674662132,BS2,Terrestrial,951.517688251627,150.966982307572,3.36947811800368,6.11605722776725,NaN,638.05866228095,20.8650324390075,5,3.36947811800368,951.517688251627,150.966982307572,-Inf,18.2273235512443,1467891.49214431,Inf
4,2,UMi,3,9,37.941028412397,23.7567761907658,BS2,Terrestrial,2684.82723629613,139.11382278432,15.2226376412557,18.7255646631354,NaN,638.05866228095,6.81484028662786,5,15.2226376412557,2684.82723629613,139.11382278432,-Inf,18.2721771551905,1465884.06960547,Inf
4,3,UMi,3,9,37.9984005343041,23.6718289515719,BS1,Terrestrial,968.053732696103,144.703718556015,9.63274186956096,30.7434375786418,NaN,638.05866228095,10.377152207667,2,9.63274186956096,968.053732696103,144.703718556015,-Inf,18.2920053158864,1464990.08670374,Inf
4,4,UMi,3,9,37.945436072439,23.7704220760091,BS2,Terrestrial,1789.03335286646,155.994538603807,-1.65807817823082,2.75667010084683,NaN,638.05866228095,46.2919855433513,5,-1.65807817823082,1789.03335286646,155.994538603807,-Inf,18.246610336102,1467028.03164839,Inf
4,5,UMi,3,9,37.9917694629082,23.7284689814627,BS3,Terrestrial,2328.96434856481,146.188304472417,8.14815595315866,26.7355450927523,NaN,638.05866228095,11.9327782558269,2,8.14815595315866,2328.96434856481,146.188304472417,-Inf,18.2271877006499,1467892.55865537,Inf
4,6,UMi,3,9,37.9844694936274,23.6791815651125,BS1,Terrestrial,1140.987124964,128.961285503436,25.3751749221403,50.992146,NaN,638.05866228095,6.25644057303403,2,25.3751749221403,1140.987124964,128.961285503436,-Inf,18.3051335164372,1464405.43574676,Inf
4,7,UMi,3,9,37.9559945540687,23.7282797765851,BS2,Terrestrial,3997.39252727123,160.497197657713,-6.16073723213694,1.14837015359027,NaN,638.05866228095,111.124215530353,5,-6.16073723213694,3997.39252727123,160.497197657713,-Inf,18.2860443779381,1465262.00975253,Inf
4,8,UMi,3,9,37.9924414472694,23.7836760619941,BS2,Terrestrial,3565.42200284699,155.549947587663,-1.21348716208718,2.98341940253196,NaN,638.05866228095,42.7736483673362,5,-1.21348716208718,3565.42200284699,155.549947587663,-Inf,18.1522937354159,1471257.80677291,Inf
4,9,UMi,3,9,37.9849957381215,23.7580437078187,BS3,Terrestrial,2611.1703447484,146.729714770663,7.60674565491325,25.3160238251213,NaN,638.05866228095,12.6018735542467,2,7.60674565491325,2611.1703447484,146.729714770663,-Inf,18.1987005179601,1469171.90010357,Inf
5,1,UMi,3,7,37.951303364959,23.7506723535456,SAT-1,Satellite,1065477.86434294,159.713960718655,9.26122647557332,24.2860055062256,30.402894459803,188.391482363219,1.93930082815518,4,-19.1479643999697,3803.73063179927,173.484424825546,9.26122647557332,30.402894459803,1065477.86434294,159.713960718655
5,2,UMi,3,7,37.9469229292586,23.7047856160727,SAT-1,Satellite,1062322.20886518,162.533494882012,6.4416923122163,18.2617443185259,30.5357357680189,188.391482363219,2.57904555935686,4,-11.247461423718,3397.01261652657,165.583921849294,6.4416923122163,30.5357357680189,1062322.20886518,162.533494882012
5,3,UMi,3,7,38.0047474237901,23.7141894464178,SAT-1,Satellite,1065916.8546486,157.348843276686,11.6263439175423,29.6859909388768,30.3843644760136,188.391482363219,1.58653523433928,4,8.91432641661311,3162.01926700836,145.422134008963,11.6263439175423,30.3843644760136,1065916.8546486,157.348843276686
5,4,UMi,3,7,37.995619399791,23.7333816294937,BS3,Terrestrial,2219.84305923701,129.055838856285,25.2806215692908,101.984292,NaN,638.05866228095,6.25644057303403,1,25.2806215692908,2219.84305923701,129.055838856285,-1.50742949599612,30.3531100125738,1066663.55300293,170.482616690224
5,5,UMi,3,7,38.0079508929163,23.7713033961307,BS1,Terrestrial,677.100934315829,134.684673938419,19.6517864871571,101.984292,NaN,638.05866228095,6.25644057303403,1,19.6517864871571,677.100934315829,134.684673938419,2.54342219563981,30.2255076713456,1069721.41101424,166.431764998588
5,6,UMi,3,7,37.9724142876981,23.7365359843938,SAT-1,Satellite,1065662.81473538,161.573568808314,7.4016183859145,20.2490638050773,30.3950888981708,188.391482363219,2.32592830188007,4,2.83454194717407,1881.2773978784,151.501918478402,7.4016183859145,30.3950888981708,1065662.81473538,161.573568808314
5,7,UMi,3,7,37.9801996796559,23.7147481338239,BS2,Terrestrial,442.446193518809,120.204709531462,34.1317508941135,101.984292,NaN,638.05866228095,6.25644057303403,1,34.1317508941135,442.446193518809,120.204709531462,4.24138120058461,30.4364596719835,1064676.95656334,164.733805993644
6,1,UMa,4,5,37.930170823949,23.7130480507634,BS4,Terrestrial,1363.31870316526,141.302184375824,18.0342760497523,101.984292,NaN,893.334270320412,8.75952808811392,1,18.0342760497523,1363.31870316526,141.302184375824,10.1123895686377,66.8404347206406,647535.140635217,158.86279762559
6,2,UMa,4,5,37.9192806410994,23.6882632238508,SAT-1,Satellite,648147.800831329,156.2982173243,12.6769698699282,32.1529324565158,66.7002749534309,188.391482363219,1.46480793484391,4,-7.44873992498091,3625.56817436014,166.785200350557,12.6769698699282,66.7002749534309,648147.800831329,156.2982173243
6,3,UMa,4,5,38.0054971178398,23.7149169546019,SAT-1,Satellite,648800.734633686,155.322942998837,13.6522441953914,34.4707184048892,66.5518868186552,188.391482363219,1.36631531834058,4,-7.14357800021074,3379.76967828137,166.480038425787,13.6522441953914,66.5518868186552,648800.734633686,155.322942998837
6,4,UMa,4,5,38.067892470733,23.7577802209181,SAT-1,Satellite,648637.314566601,153.683455052429,15.2917321417988,38.413822818705,66.5887686958929,188.391482363219,1.22606570070061,4,-11.2605409957764,4763.63105859169,170.597001421352,15.2917321417988,66.5887686958929,648637.314566601,153.683455052429
6,5,UMa,4,5,38.0620631296519,23.6964044810509,SAT-1,Satellite,650460.466895884,154.600463401155,14.3747237930733,36.2019560098247,66.180124975537,188.391482363219,1.30097585274185,4,-3.64753150643867,4887.66850615419,162.983991932015,14.3747237930733,66.180124975537,650460.466895884,154.600463401155
7,1,UMa,4,9,37.9679386372834,23.7493004472285,BS4,Terrestrial,1353.86579240346,146.227737647792,13.1087227777839,40.6074779379868,NaN,893.334270320412,10.9996276016533,2,13.1087227777839,1353.86579240346,146.227737647792,7.7225146026237,37.000615087217,930998.309886372,161.252672591604
7,2,UMa,4,9,37.9809855703249,23.7294425889184,BS1,Terrestrial,3473.10927601019,154.125113003593,5.21134742198308,38.7583782711856,NaN,893.334270320412,23.0488041597073,1,5.21134742198308,3473.10927601019,154.125113003593,4.77218640983543,36.9573852595203,931749.863022352,164.203000784393
7,3,UMa,4,9,37.9977815926349,23.6736226324469,SAT-1,Satellite,934644.464993961,160.38999324761,8.58519394661823,18.2345186922094,36.7916386311432,188.391482363219,2.06631702808485,5,-2.18636928447486,3754.1885138047,161.522829710051,8.58519394661823,36.7916386311432,934644.464993961,160.38999324761
7,4,UMa,4,9,37.9653854824473,23.6968115172445,BS3,Terrestrial,1082.96042279911,145.253097540902,14.0833628846736,86.9100396668637,NaN,893.334270320412,10.2788385984481,1,14.0833628846736,1082.96042279911,145.253097540902,7.58866647151103,36.8045522553597,934417.151560573,161.386520722717
7,5,UMa,4,9,37.9513228434895,23.7193349354176,SAT-1,Satellite,933535.996194419,157.735544052677,11.2396431415516,23.0297481779755,36.8548857400697,188.391482363219,1.63607071086766,5,6.06719019954895,2322.50408676671,153.269270226027,11.2396431415516,36.8548857400697,933535.996194419,157.735544052677
7,6,UMa,4,9,38.0213229408035,23.7571658023301,SAT-1,Satellite,928454.214193829,161.780413733747,7.19477346048086,15.8517208903964,37.1477829618976,188.391482363219,2.37692151742784,5,6.00600142304569,1853.61574783356,153.33045900253,7.19477346048086,37.1477829618976,928454.214193829,161.780413733747
7,7,UMa,4,9,37.9220316507982,23.7204691238434,SAT-1,Satellite,934607.547626631,163.247608766135,5.72757842809355,13.4675333561574,36.7936072607651,188.391482363219,2.79771324682979,5,-2.22145467931034,3851.45415496806,161.557915104886,5.72757842809355,36.7936072607651,934607.547626631,163.247608766135
7,8,UMa,4,9,37.9242112984578,23.7372244393711,SAT-1,Satellite,933463.941685013,162.616539202422,6.3586479918057,14.4747253280034,36.8589592563216,188.391482363219,2.60304051502447,5,-4.91679731930876,4765.02329055398,164.253257744885,6.3586479918057,36.8589592563216,933463.941685013,162.616539202422
7,9,UMa,4,9,37.9417208129451,23.7340096976967,BS4,Terrestrial,3317.05285813939,155.097945054659,4.2385153709169,17.1607017392693,NaN,893.334270320412,26.0284889246741,2,4.2385153709169,3317.05285813939,155.097945054659,-5.58448877887412,36.8865794841632,932982.194745066,174.559675973102
8,1,UMi,4,3,38.0459851533674,23.7034528684365,SAT-1,Satellite,626731.521938157,158.344261261293,10.6309259329348,54.7676487428468,72.4076916943237,188.391482363219,1.71991574120501,2,1.40524612146211,4102.08810257692,152.931214304114,10.6309259329348,72.4076916943237,626731.521938157,158.344261261293
8,2,UMi,4,3,38.0069481385249,23.7278695249852,SAT-1,Satellite,625387.295748564,153.152220760969,15.8229664332587,79.4030538939862,72.8413868054605,188.391482363219,1.18629871978694,2,10.2781014945552,736.109770874576,144.058358931021,15.8229664332587,72.8413868054605,625387.295748564,153.152220760969
8,3,UMi,4,3,37.9730376554212,23.8009985019824,BS4,Terrestrial,2166.40391884001,141.026874273554,13.3095861520217,82.3841841744658,NaN,638.05866228095,7.74491692397812,1,13.3095861520217,2166.40391884001,141.026874273554,9.5735045979761,73.243210023851,624175.613072828,159.401682596252
9,1,UMa,3,9,38.0126008744562,23.7234837333989,SAT-1,Satellite,1071434.47199556,164.891441222096,4.08374597213214,6.10732954726449,30.1453689442127,188.391482363219,3.42742057183114,9,-6.79120378503004,4971.4726387842,166.127664210606,4.08374597213214,30.1453689442127,1071434.47199556,164.891441222096
9,2,UMa,3,9,37.955274000822,23.7665080384376,SAT-1,Satellite,1067858.70963286,161.899656790515,7.07553040371337,8.69587216974665,30.2942767802259,188.391482363219,2.40716359677771,9,-11.123871458446,4582.23255096153,170.460331884022,7.07553040371337,30.2942767802259,1067858.70963286,161.899656790515
9,3,UMa,3,9,37.9834267454357,23.7840534687415,SAT-1,Satellite,1070869.02338006,165.938116817865,3.03707037636349,5.30299071542644,30.1689192411739,188.391482363219,3.94727957345918,9,1.32072046308465,1552.223653759,158.015739962491,3.03707037636349,30.1689192411739,1070869.02338006,165.938116817865
9,4,UMa,3,9,37.9666445531739,23.7233392020177,SAT-1,Satellite,1067440.15108785,167.857001599131,1.11818559509723,3.99216189947149,30.3117107597494,188.391482363219,5.24337125005319,9,-10.5973877634746,3620.17841735779,169.93384818905,1.11818559509723,30.3117107597494,1067440.15108785,167.857001599131
9,5,UMa,3,9,37.9360942476642,23.6736585755437,SAT-1,Satellite,1063193.32552652,167.474588674205,1.50059852002335,4.23555936248226,30.4900113601852,188.391482363219,4.9420596284546,9,-15.6852390222541,3109.32194963305,175.02169944783,1.50059852002335,30.4900113601852,1063193.32552652,167.474588674205
9,6,UMa,3,9,37.9895841199511,23.7133648716486,SAT-1,Satellite,1069108.87754811,160.851109134395,8.12407805983278,9.68478408681906,30.2420367593342,188.391482363219,2.16136846641066,9,5.47385215768108,3960.74404449755,153.862608267895,8.12407805983278,30.2420367593342,1069108.87754811,160.851109134395
9,7,UMa,3,9,37.9448502630903,23.7220621106334,SAT-1,Satellite,1065510.78380223,162.486336564775,6.48885062945322,8.15893512919921,30.3925494046368,188.391482363219,2.56557830130719,9,-2.74468578623288,3969.46081155805,162.081146211809,6.48885062945322,30.3925494046368,1065510.78380223,162.486336564775
9,8,UMa,3,9,37.9665082680359,23.7412062768208,SAT-1,Satellite,1068007.06195206,163.667605379283,5.30758181494465,7.11884594883537,30.2880436483365,188.391482363219,2.9404185846543,9,-0.193804356508451,3008.87141049173,159.530264782084,5.30758181494465,30.2880436483365,1068007.06195206,163.667605379283
9,9,UMa,3,9,38.0034510702353,23.6949805778976,SAT-1,Satellite,1069724.19387601,158.573110927161,10.4020762670676,11.9378476297787,30.2163855649362,188.391482363219,1.75344731968525,9,-2.39110893350301,4733.72593848808,161.727569359079,10.4020762670676,30.2163855649362,1069724.19387601,158.573110927161
10,1,UMi,1,6,37.9551482483001,23.728087370074,SAT-1,Satellite,1016549.54154051,157.339712402125,11.6354747921031,23.765822220053,32.5628964414484,188.391482363219,1.58539839790823,5,11.0583049402437,3633.45127745584,143.278155485332,11.6354747921031,32.5628964414484,1016549.54154051,157.339712402125
10,2,UMi,1,6,38.0046229251232,23.7483760261903,SAT-1,Satellite,1021062.7216933,157.007282003481,11.9679051907467,24.3873513244665,32.3533153254157,188.391482363219,1.54499338494554,5,3.17182904282285,3747.88291902391,151.164631382753,11.9679051907467,32.3533153254157,1021062.7216933,157.007282003481
10,3,UMi,1,6,38.0252457316545,23.6955089386103,SAT-1,Satellite,1020036.06949117,174.24328240475,-5.26809521052226,2.25305260829108,32.400701676417,188.391482363219,16.7232209021619,5,-14.7619153827327,4657.92381572066,169.098375808309,-5.26809521052226,32.400701676417,1020036.06949117,174.24328240475
10,4,UMi,1,6,37.9711136736203,23.6897644587584,SAT-1,Satellite,1015867.98177714,155.253278755566,13.7219084386623,27.7097293983438,32.5946574926342,188.391482363219,1.3597497085228,5,-3.21706685163005,2607.67211589985,157.553527277206,13.7219084386623,32.5946574926342,1015867.98177714,155.253278755566
10,5,UMi,1,6,37.9896579069658,23.7206269925355,BS1,Terrestrial,798.384188424314,135.961834179748,18.374626245828,101.984292,NaN,638.05866228095,6.25644057303403,1,18.374626245828,798.384188424314,135.961834179748,8.43422374686949,32.4643164113795,1018665.90017773,160.540963447359
10,6,UMi,1,6,38.0218263664277,23.7209174544401,SAT-1,Satellite,1020993.25621618,164.961745996098,4.01344119812984,10.8926475064481,32.3564676260469,188.391482363219,3.45905772222405,5,-34.4039662340213,4073.90357194905,188.740426659597,4.01344119812984,32.3564676260469,1020993.25621618,164.961745996098
