Baseline,Metric,NumPasses,MeanDiff,CI95HalfWidth,CI95Low,CI95High,RelDiffPct,FracPassesPositive
TerrestrialOnly,MeanCapacity_Mbps,8,4.78435410708949,1.3462006727649,3.43815343432459,6.13055477985439,41.9275437975097,1
TerrestrialOnly,TotalRate_Mbps,8,30.6892772237896,6.21243810486889,24.4768391189207,36.9017153286585,57.6779740095778,1
TerrestrialOnly,FracServed,8,0.13087002096436,0.0251555984434442,0.105714422520916,0.156025619407805,25.9150613093366,1
TerrestrialOnly,FracBelowTarget,8,-0.080925514860032,0.0231786654555088,-0.104104180315541,-0.0577468494045233,-23.9585615188025,0
TerrestrialOnly,FracOutage,8,-0.0499445061043285,0.0147652704040121,-0.0647097765083407,-0.0351792357003164,-31.7650173040912,0
TerrestrialOnly,BitPerJouleRf,8,86730.6972839758,23417.0587832916,63313.6385006842,110147.756067267,113.799664824321,1
SatelliteOnly,MeanCapacity_Mbps,8,0.588527472319805,2.95060446370213,-2.36207699138233,3.53913193602194,3.77096060990284,0.625
SatelliteOnly,TotalRate_Mbps,8,54.8773830593579,16.0394755860135,38.8379074733444,70.9168586453714,189.102846673393,1
SatelliteOnly,FracServed,8,0.391432359107165,0.0564740901707347,0.33495826893643,0.4479064492779,160.138488607483,1
SatelliteOnly,FracBelowTarget,8,0.147875816993464,0.0413116969501552,0.106564120043309,0.189187513943619,135.701352345386,1
SatelliteOnly,FracOutage,8,-0.539308176100629,0.0325421934535935,-0.571850369554223,-0.506765982647036,-83.4074367220634,0
SatelliteOnly,BitPerJouleRf,8,-254889.969702288,20625.5196759241,-275515.489378212,-234264.450026364,-61.0026645365924,0
